time,hash_rate
1600473600000,143137521.83599728
1600560000000,140550699.1522142
1600646400000,139904505.85300228
1600732800000,138113015.65931177
1600819200000,136590567.76792595
1600905600000,136974413.06759652
1600992000000,133839259.63432515
1601078400000,136694669.32218266
1601164800000,138914905.99167848
1601251200000,140454294.33070657
1601337600000,138259695.98178926
1601424000000,139905644.74347726
1601510400000,141825918.29877988
1601596800000,140042807.1402846
1601683200000,135516448.04564267
1601769600000,135653610.44245
1601856000000,136460935.27785844
1601942400000,137953248.43701747
1602028800000,136429165.52396676
1602115200000,135725586.01090184
1602201600000,140918695.23724538
1602288000000,141724961.08085746
1602374400000,140610835.70341176
1602460800000,138141088.90059373
1602547200000,139374491.4800633
1602633600000,144308101.79794165
1602720000000,144034012.3358373
1602806400000,142526520.29426336
1602892800000,144308101.79794165
1602979200000,146484944.03741995
1603065600000,144339932.50425595
1603152000000,141671570.50887826
1603238400000,139371646.13118586
1603324800000,137413336.25306407
1603411200000,136175009.8769961
1603497600000,133536442.03601238
1603584000000,133347787.62065111
1603670400000,132921756.35029759
1603756800000,130791599.99852999
1603843200000,124401130.9432272
1603929600000,120140818.23969202
1604016000000,116022515.959608
1604102400000,113182307.49058457
1604188800000,107643900.97598884
1604275200000,108779984.36359821
1604361600000,106649828.01183064
1604448000000,110352547.38279949
1604534400000,115107145.47938485
1604620800000,117295045.81540214
1604707200000,119772222.06754525
1604793600000,121130852.42189345
1604880000000,119831614.77952178
1604966400000,128395929.46810682
1605052800000,128159204.2442158
1605139200000,126728589.8712571
1605225600000,128278422.10862902
1605312000000,126609372.00684388
1605398400000,126132500.54919098
1605484800000,127563114.92214966
1605571200000,124869930.27180232
1605657600000,126964111.47028205
1605744000000,130557849.91211644
1605830400000,128602936.80096647
1605916800000,133025455.05449378
1606003200000,137215282.8183943
1606089600000,141076183.1850535
1606176000000,140083639.15004915
1606262400000,137459413.97417846
1606348800000,135709930.52359802
1606435200000,137334450.87056556
1606521600000,135584967.41998512
1606608000000,133710520.8657918
1606694400000,131309769.58997226
1606780800000,128313154.48992191
1606867200000,131996845.7783809
1606953600000,130449316.11808941
1607040000000,133063743.4750407
1607126400000,133409747.66795126
1607212800000,133755751.86086182
1607299200000,132914894.02681772
1607385600000,137948518.46795616
1607472000000,136860167.23743975
1607558400000,137948518.46795616
1607644800000,134275333.06496325
1607731200000,133459069.64207594
1607817600000,131826542.79630134
1607904000000,134533587.60765913
1607990400000,133351912.23475644
1608076800000,132323572.34683482
1608163200000,132373208.7407297
1608249600000,131791042.04281816
1608336000000,133832920.56666498
1608422400000,136823648.10098037
1608508800000,135635056.09561104
1608595200000,134441785.80737987
1608681600000,134839542.57012358
1608768000000,136297984.03351727
1608854400000,135900227.27077356
1608940800000,134176614.63221739
1609027200000,131392317.2930113
1609113600000,130994560.53026757
1609200000000,134096925.47590557
1609286400000,135214014.9354613
1609372800000,137514350.89000148
1609459200000,142734576.90930298
1609545600000,143322827.58752075
1609632000000,145103346.17464504
1609718400000,146350014.08380798
1609804800000,148066610.0670914
1609891200000,148727032.05668592
1609977600000,149387454.04628044
1610064000000,149651622.84211826
1610150400000,149519538.44419935
1610236800000,148690226.43303123
1610323200000,151089413.1225263
1610409600000,150775619.32875094
1610496000000,151697118.48429385
1610582400000,150562301.29304814
1610668800000,149884529.16858572
1610755200000,153019188.22568035
1610841600000,155416162.87700742
1610928000000,151611247.40167576
1611014400000,150294161.27559945
1611100800000,150440504.1784968
1611187200000,148830732.24662572
1611273600000,146196559.99447304
1611360000000,144294102.25680724
1611446400000,145607574.27831852
1611532800000,146698957.53407043
1611619200000,146182103.5762129
1611705600000,148185308.05110508
1611792000000,148549580.94715506
1611878400000,151113601.54145047
1611964800000,152810307.74619317
1612051200000,150095785.47639355
1612137600000,150835173.5821886
1612224000000,147877621.15900844
1612310400000,146546722.56857735
1612396800000,147729743.53784943
1612483200000,149947907.85523456
1612569600000,152461827.4149377
1612656000000,156496366.0091922
1612742400000,158947631.13423166
1612828800000,165861253.11216184
1612915200000,165150693.72026786
1613001600000,164735889.5706919
1613088000000,160711290.00435206
1613174400000,157334595.3952425
1613260800000,157086558.55281195
1613347200000,156021048.95022506
1613433600000,154346676.71758848
1613520000000,150997932.25231537
1613606400000,150236853.96475333
1613692800000,151454579.22485262
1613779200000,153151584.74440545
1613865600000,151777617.95629352
1613952000000,150850010.28302965
1614038400000,148383785.4623389
1614124800000,149558390.99271905
1614211200000,153082073.67499632
1614297600000,156295152.32763526
1614384000000,154427502.27930498
1614470400000,156124507.79885778
1614556800000,154581775.50835523
1614643200000,154118955.82120448
1614729600000,156587327.48600858
1614816000000,155507414.88265678
1614902400000,151187764.46924964
1614988800000,152730496.75975218
1615075200000,151688789.94012293
1615161600000,153716875.77834648
1615248000000,157270062.99352616
1615334400000,156532984.65120932
1615420800000,155778275.39534613
1615507200000,156136781.5795335
1615593600000,155997206.24947724
1615680000000,154598952.23605472
1615766400000,156274408.86127305
1615852800000,155208209.19067955
1615939200000,156579037.33858544
1616025600000,154598952.2360547
1616112000000,157645237.00917894
1616198400000,157420617.6912914
1616284800000,159552422.85545158
1616371200000,159862383.76013908
1616457600000,160766785.10844684
1616544000000,163071647.62666968
1616630400000,165959097.37970906
1616716800000,166720074.39596337
1616803200000,165215303.4719892
1616889600000,165991691.17627487
1616976000000,166457523.79884627
1617062400000,166457523.79884627
1617148800000,164128360.6859893
1617235200000,164904748.39027494
1617321600000,163507250.52256075
1617408000000,165320614.44934323
1617494400000,162156064.84321755
1617580800000,161456161.73214817
1617667200000,163641576.61130673
1617753600000,164631661.9987059
1617840000000,166049721.39905876
1617926400000,165551986.66394418
1618012800000,167595961.66382885
1618099200000,171868015.5885931
1618185600000,171703705.82225603
1618272000000,169731988.62621096
1618358400000,169403369.0935368
1618444800000,165788554.23412085
1618531200000,172130189.21775606
1618617600000,164404171.24372485
1618704000000,153847004.45635313
1618790400000,150787954.8145779
1618876800000,143371614.98041585
1618963200000,141475361.29820356
1619049600000,136207676.021627
1619136000000,131796265.46354505
1619222400000,137155198.74795857
1619308800000,146198398.6654064
1619395200000,149045331.97275108
1619481600000,151892265.2800958
1619568000000,154236798.5920267
1619654400000,161102931.86268154
1619740800000,157586131.89478514
1619827200000,159260798.54616436
1619913600000,157685930.67036393
1620000000000,161148443.24309963
1620086400000,167961731.4564108
1620172800000,170671365.20493433
1620259200000,169868525.99901253
1620345600000,174317609.61284044
1620432000000,175207666.00803325
1620518400000,177526237.2392579
1620604800000,177672590.27902648
1620691200000,178111649.39833212
1620777600000,176794472.0404151
1620864000000,178989767.63694343
1620950400000,180666398.1982892
1621036800000,179327827.5416231
1621123200000,176179075.04398838
1621209600000,172435828.21588302
1621296000000,167614164.7456518
1621382400000,160228122.6394345
1621468800000,157288750.71671072
1621555200000,150653185.81676164
1621641600000,146384382.44060782
1621728000000,145139314.78922963
1621814400000,142827046.293813
1621900800000,143716380.33051172
1621987200000,147807316.8993258
1622073600000,147273716.47730657
1622160000000,148163050.51400527
1622246400000,149763851.78006297
1622332800000,149763851.78006297
1622419200000,150291730.25568312
1622505600000,148955749.53382164
1622592000000,148302838.99995774
1622678400000,151415069.6569138
1622764800000,152576708.79698002
1622851200000,150991098.06671333
1622937600000,149939087.7584659
1623024000000,150665524.10616753
1623110400000,149469765.97834077
1623196800000,150516054.3401892
1623283200000,144537263.70105553
1623369600000,140202640.48768362
1623456000000,136316426.57224676
1623542400000,136465896.3382251
1623628800000,133577497.88842894
1623715200000,132807547.04458119
1623801600000,129079871.70711638
1623888000000,127657584.5112262
1623974400000,128421919.85959908
1624060800000,130280049.80874498
1624147200000,125129902.82716675
1624233600000,120460802.62675631
1624320000000,116214240.84202929
1624406400000,110552158.46239324
1624492800000,107438013.15359342
1624579200000,103899211.66632089
1624665600000,101917482.83344828
1624752000000,99935754.00057565
1624838400000,93424359.26399422
1624924800000,90876422.19315802
1625011200000,90734870.13366713
1625097600000,89036245.41977632
1625184000000,87620724.82486732
1625270400000,84789683.63504931
1625356800000,86292418.3706843
1625443200000,89670680.58608074
1625529600000,90819460.5560025
1625616000000,92563569.88878718
1625702400000,92511258.75252509
1625788800000,93241612.12545457
1625875200000,93863737.36277008
1625961600000,96184636.54794833
1626048000000,97204622.08928394
1626134400000,96592630.76448257
1626220800000,95980639.43968119
1626307200000,100774571.48395857
1626393600000,99652587.38848938
1626480000000,101590559.91702704
1626566400000,99739876.71501002
1626652800000,100971806.31812742
1626739200000,104626219.80193856
1626825600000,102600064.78780988
1626912000000,99339154.93317963
1626998400000,101138948.17825966
1627084800000,98947054.62367477
1627171200000,99328674.26262689
1627257600000,100202533.56699017
1627344000000,98260624.00173841
1627430400000,102921206.95834263
1627516800000,104086352.69749367
1627603200000,104766021.04533179
1627689600000,107775980.871472
1627776000000,108889828.95130345
1627862400000,109887906.60443933
1627948800000,110044864.56184068
1628035200000,110936509.2624975
1628121600000,109693176.78900112
1628208000000,110629262.16549285
1628294400000,110879828.6605434
1628380800000,112005260.90983883
1628467200000,112417044.95730147
1628553600000,113343559.06409241
1628640000000,112931775.01662979
1628726400000,114064181.14715205
1628812800000,113137667.04036112
1628899200000,112222868.24342497
1628985600000,113148142.62570126
1629072000000,116988410.69128773
1629158400000,119126461.98879574
1629244800000,121141397.09547855
1629331200000,120921930.17512046
1629417600000,122389629.87140332
1629504000000,124611386.79520345
1629590400000,125274213.32070984
1629676800000,123285733.74419065
1629763200000,127262692.89722906
1629849600000,125274213.32070985
1629936000000,129030251.81892101
1630022400000,130281220.63377182
1630108800000,130869362.92311624
1630195200000,129727331.44953278
1630281600000,131124515.1627073
1630368000000,126249208.85984442
1630454400000,127249992.51986168
1630540800000,125718040.303854
1630627200000,126093318.03610432
1630713600000,126343503.19093786
1630800000000,128094799.27477264
1630886400000,129095539.89410679
1630972800000,133723965.2585273
1631059200000,134849798.45527822
1631145600000,136270748.73194423
1631232000000,135548079.03417698
1631318400000,134819727.28362697
1631404800000,134785023.05355358
1631491200000,133493710.99652977
1631577600000,132770953.88256578
1631664000000,135601927.41131595
1631750400000,135613291.5168814
1631836800000,135482516.8866819
1631923200000,136921037.81887642
1632009600000,137836460.23027292
1632096000000,139536530.42286643
1632182400000,140190403.57386392
1632268800000,134495823.90656477
1632355200000,134003916.9668144
1632441600000,138478902.6366636
1632528000000,139221878.27487168
1632614400000,138379012.3774964
1632700800000,136207717.71163929
1632787200000,135671902.50093386
1632873600000,139902835.06623906
1632960000000,139363190.57225162
1633046400000,140172657.31323275
1633132800000,139093368.32525793
1633219200000,145029457.75911957
1633305600000,146513480.11758497
1633392000000,146661108.6035507
1633478400000,149322865.8079602
1633564800000,150290764.173168
1633651200000,147140004.5223176
1633737600000,145204823.8005126
1633824000000,141032003.29279727
1633910400000,143257233.72054404
1633996800000,142823772.58333406
1634083200000,138585678.44139537
1634169600000,143953931.02118438
1634256000000,143388851.80225924
1634342400000,146355517.70161635
1634428800000,143953931.02118438
1634515200000,144095200.82591566
1634601600000,144403297.8098649
1634688000000,147578458.080034
1634774400000,144953485.6063823
1634860800000,146706531.95442763
1634947200000,149320648.3805905
1635033600000,151210929.15844816
1635120000000,150427844.64619517
1635206400000,155450273.37765488
1635292800000,154737198.72913355
1635379200000,155878118.1667677
1635465600000,156591192.81528905
1635552000000,158445186.90144458
1635638400000,159871336.19848728
1635724800000,158076294.68936905
1635811200000,154884719.9126323
1635897600000,157794954.1316647
1635984000000,160168323.21633694
1636070400000,160343515.7784078
1636156800000,159797397.10008076
1636243200000,161379304.1724988
1636329600000,164887669.4889204
1636416000000,162888098.87011817
1636502400000,161965220.1229787
1636588800000,160119462.62869972
1636675200000,162426659.4965484
1636761600000,160427088.8777462
1636848000000,160273275.75322297
1636934400000,161753319.40522012
1637020800000,165302524.9329215
1637107200000,166075887.62625524
1637193600000,167149669.97568625
1637280000000,166034035.61704582
1637366400000,166252273.22847018
1637452800000,166066724.20991844
1637539200000,162307875.21222767
1637625600000,160697678.0375032
1637712000000,157799323.12299913
1637798400000,159087480.8627787
1637884800000,156833204.8181644
1637971200000,156028106.23080215
1638057600000,155706066.79585725
1638144000000,156626480.7493672
1638230400000,156604781.32573074
1638316800000,156604715.81627068
1638403200000,153055005.21769133
1638489600000,156707914.0770192
1638576000000,162100790.8414003
1638662400000,163660443.37358636
1638748800000,167815674.28599623
1638835200000,172415536.81368423
1638921600000,175587855.79829666
1639008000000,180504950.22444588
1639094400000,181773877.81829086
1639180800000,179870486.4275234
1639267200000,180450982.45005217
1639353600000,178175819.66922092
1639440000000,175120783.2272306
1639526400000,176123588.11096406
1639612800000,173703015.46589622
1639699200000,167608149.67714044
1639785600000,168465544.6966373
1639872000000,165292796.92411825
1639958400000,166839195.23214015
1640044800000,167354661.33481413
1640131200000,169588347.77973467
1640217600000,170791102.0193073
1640304000000,177148517.28561953
1640390400000,177492161.35406885
1640476800000,180806021.9426724
1640563200000,178302007.20415702
1640649600000,179070270.97298446
1640736000000,174504391.82377318
1640822400000,174068259.95508352
1640908800000,168463241.61080185
1640995200000,168201120.3069295
1641081600000,172541536.0396956
1641168000000,176678396.04464337
1641254400000,175299442.70966077
1641340800000,177540241.8790075
1641427200000,178402087.71337157
1641513600000,183056055.2189378
1641600000000,181504732.7170824
1641686400000,176749085.90677053
1641772800000,173918482.77553186
1641859200000,174363600.71349812
1641945600000,176371351.5312601
1642032000000,174573549.60401586
1642118400000,180388266.9640267
1642204800000,183775678.01539254
1642291200000,187614454.99559858
1642377600000,193499041.2223978
1642464000000,196787486.4667856
1642550400000,192979813.02591553
1642636800000,198864399.25271472
1642723200000,197133638.5977738
1642809600000,194677774.9425014
1642896000000,191300712.3087483
1642982400000,187690405.00844288
1643068800000,188206013.9544906
1643155200000,193426935.944432
1643241600000,188081518.03913763
1643328000000,183617610.0990903
1643414400000,187692057.64448118
1643500800000,190530143.19354087
1643587200000,191476171.70989412
1643673600000,190151731.7869996
1643760000000,190530143.19354087
1643846400000,194881874.36876577
1643932800000,197909165.6210961
1644019200000,193406553.6811251
1644105600000,187770388.43988654
1644192000000,189714890.12531072
1644278400000,188436171.18170857
1644364800000,188487943.46708378
1644451200000,186075335.0385428
1644537600000,186124754.03821912
1644624000000,188404635.62026238
1644710400000,201293483.93231255
1644796800000,201672567.70619637
1644883200000,204894779.78420892
1644969600000,208875159.40998912
1645056000000,211907829.60105976
1645142400000,214510390.7270812
1645228800000,214208889.76468316
1645315200000,208357121.0895281
1645401600000,207009028.06914553
1645488000000,202437880.40399176
1645574400000,199456437.81206557
1645660800000,199679075.4454185
1645747200000,195430088.29567224
1645833600000,195430088.29567224
1645920000000,190663500.7762656
1646006400000,189074638.26979667
1646092800000,195231480.4823636
1646179200000,197217558.6154497
1646265600000,194437049.22912914
1646352000000,197493412.73759124
1646438400000,198075006.7035949
1646524800000,197313706.5635507
1646611200000,195932902.69002447
1646697600000,194303170.37938264
1646784000000,191084575.56227192
1646870400000,191073306.1250443
1646956800000,190169638.8688875
1647043200000,189973991.09227344
1647129600000,196430367.72053817
1647216000000,200343323.2528198
1647302400000,201321562.13589022
1647388800000,199560732.14636347
1647475200000,202886744.34880286
1647561600000,205592535.95527083
1647648000000,206471636.31633133
1647734400000,206168530.70117497
1647820800000,206648709.46885267
1647907200000,206542638.18306583
1647993600000,208395817.76893058
1648080000000,206338814.92802444
1648166400000,203142589.24631837
1648252800000,205676997.74939147
1648339200000,206846724.75080982
1648425600000,202362771.24537283
1648512000000,203532498.24679115
1648598400000,203922407.24726394
1648684800000,201972862.24490002
1648771200000,201843995.54705414
1648857600000,200055608.69370246
1648944000000,196074384.86327413
1649030400000,198753839.0238673
1649116800000,199831771.35150808
1649203200000,199830199.9832681
1649289600000,203962954.3487227
1649376000000,204228810.4583426
1649462400000,202807735.23646548
1649548800000,206461928.66414955
1649635200000,206664939.410132
1649721600000,202401713.7445006
1649808000000,204025799.71236017
1649894400000,201995692.25253567
1649980800000,201764820.10052854
1650067200000,206231769.11502814
1650153600000,202030821.95948437
1650240000000,206682824.99703255
1650326400000,205730049.7772079
1650412800000,199524647.62317377
1650499200000,203174423.1614768
1650585600000,209265101.84239313
1650672000000,204654855.3458653
1650758400000,210467774.84148735
1650844800000,211670447.84058157
1650931200000,217282921.83635455
1651017600000,220490049.83393914
1651104000000,223151676.63397452
1651190400000,217205475.81420332
1651276800000,221882934.0785788
1651363200000,220947918.3471813
1651449600000,222006266.70131093
1651536000000,223387536.51936215
1651622400000,227062767.28449246
1651708800000,223221125.23276678
1651795200000,228510725.356766
1651881600000,226818053.31708622
1651968000000,225336965.28236642
1652054400000,222797957.22284678
1652140800000,221740037.19804692
1652227200000,222405823.2016665
1652313600000,223694215.31912464
1652400000000,220435896.70329112
1652486400000,224124125.5157015
1652572800000,225159554.97654673
1652659200000,219439331.6882816
1652745600000,223040112.45069075
1652832000000,223260239.8804358
1652918400000,220819024.53383064
1653004800000,217933951.85147908
1653091200000,212607663.82252234
1653177600000,211276091.81528312
1653264000000,211276091.81528312
1653350400000,210388377.14379033
1653436800000,204396303.111214
1653523200000,206058024.37013593
1653609600000,208919208.29777458
1653696000000,209811873.80523428
1653782400000,211274193.34738085
1653868800000,215833901.04285884
1653955200000,213021896.71405497
1654041600000,217388515.33233958
1654128000000,214863256.63167837
1654214400000,211466209.09599966
1654300800000,212527786.45089927
1654387200000,210616947.21207997
1654473600000,209980000.79914021
1654560000000,209130738.91522053
1654646400000,212527786.45089927
1654732800000,221710849.35993642
1654819200000,226569564.11309776
1654905600000,227821656.20112506
1654992000000,231428400.86060324
1655078400000,227742430.28560153
1655164800000,224497532.7017069
1655251200000,221500575.0286112
1655337600000,218926817.1295411
1655424000000,213120310.1919206
1655510400000,204733133.50424665
1655596800000,205163245.12925556
1655683200000,206453580.00428233
1655769600000,206238524.19177788
1655856000000,207098747.44179574
1655942400000,199225068.13131642
1656028800000,205552146.51440838
1656115200000,209415032.50849795
1656201600000,207575054.24950954
1656288000000,207951469.1457251
1656374400000,208122956.69561458
1656460800000,206523355.41457653
1656547200000,210621554.15352726
1656633600000,214611394.16241762
1656720000000,215661352.05949402
1656806400000,212931461.52709538
1656892800000,216501318.3771552
1656979200000,217971259.43306217
1657065600000,212091495.2094343
1657152000000,207051697.30346754
1657238400000,203649440.84828922
1657324800000,206150660.12152672
1657411200000,204913526.098668
1657497600000,204040060.4107685
1657584000000,199475664.43634865
1657670400000,205957831.904181
1657756800000,202061941.86328736
1657843200000,195227065.7617347
1657929600000,193984899.91383395
1658016000000,196883286.89226907
1658102400000,190879485.2940821
1658188800000,192535706.42461643
1658275200000,189844347.08749813
1658361600000,193156789.3485668
1658448000000,195940740.74745545
1658534400000,192501653.20028925
1658620800000,192146872.725192
1658707200000,197350729.22169366
1658793600000,198155524.32899836
1658880000000,201050967.42706078
1658966400000,207414031.52091783
1659052800000,206687410.85855284
1659139200000,209440620.89853355
1659225600000,204524174.39856797
1659312000000,203540885.09857488
1659398400000,202360937.93858317
1659484800000,201377648.63859004
1659571200000,197444491.43861756
1659657600000,195883411.57910657
1659744000000,197183586.16781405
1659830400000,204027840.66738862
1659916800000,205948801.42501473
1660003200000,208015065.72776818
1660089600000,206144749.20955777
1660176000000,207241418.6962838
1660262400000,209085147.63459495
1660348800000,209885473.55855513
1660435200000,205483680.97677416
1660521600000,200281562.47103304
1660608000000,200481643.95202306
1660694400000,201482051.35697326
1660780800000,197680503.21816245
1660867200000,198583863.88429472
1660953600000,203609480.20984396
1661040000000,205797516.6853986
1661126400000,208582028.04018536
1661212800000,208764223.62085554
1661299200000,213782300.81892878
1661385600000,217367138.0976757
1661472000000,220465112.44846842
1661558400000,220062436.44399634
1661644800000,219257084.43505216
1661731200000,222277154.46859285
1661817600000,224693210.49542537
1661904000000,222679830.4730649
1661990400000,224693437.70258546
1662076800000,223038282.22668257
1662163200000,215980538.09018245
1662249600000,219123957.26816863
1662336000000,223665601.19640848
1662422400000,225712859.42928508
1662508800000,224333620.00115603
1662595200000,225042111.4337651
1662681600000,222622303.78393966
1662768000000,226581989.02910858
1662854400000,228781814.1653135
1662940800000,232081551.86962095
1663027200000,232081551.86962095
1663113600000,231125783.80316097
1663200000000,227909608.2395609
1663286400000,233424481.76152062
1663372800000,230215892.75063857
1663459200000,234365379.3897695
1663545600000,229154215.6133512
1663632000000,225080869.65342325
1663718400000,229389618.86922815
1663804800000,232575585.79796743
1663891200000,228251773.53753558
1663977600000,229844757.0019052
1664064000000,224383099.4097807
1664150400000,222790115.94541103
1664236800000,227341497.27218145
1664323200000,222107408.74639544
1664409600000,223489276.66114253
1664496000000,226207379.9805353
1664582400000,233122853.25568995
1664668800000,240207537.6104124
1664755200000,241719711.28021336
1664841600000,241881060.04867586
1664928000000,248825712.31721595
1665014400000,254330138.6842382
1665100800000,257893433.09662682
1665187200000,258338844.89817542
1665273600000,257002609.49352965
1665360000000,257225315.39430395
1665446400000,263180398.3160465
1665532800000,266582891.0902486
1665619200000,262255135.39905593
1665705600000,263008007.41708285
1665792000000,264375964.10228553
1665878400000,263841541.65317035
1665964800000,265070008.45477676
1666051200000,262751549.23456874
1666137600000,258958215.99249122
1666224000000,262498660.35176355
1666310400000,263004438.1173739
1666396800000,263004438.11737388
1666483200000,258958215.9924912
1666569600000,261757390.71242118
1666656000000,259399942.9701245
1666742400000,255403382.86748463
1666828800000,257763206.60187608
1666915200000,256408615.88626346
1667001600000,258550344.75599608
1667088000000,261564453.08436403
1667174400000,257663576.5316266
1667260800000,267342309.86327145
1667347200000,273097232.38479
1667433600000,264464848.60251215
1667520000000,272050882.835423
1667606400000,264203261.21517038
1667692800000,266295960.31390437
1667779200000,266819135.0885879
1667865600000,259162652.14810413
1667952000000,264047752.21623155
1668038400000,271032857.1749895
1668124800000,266509160.77526692
1668211200000,267747170.84668106
1668297600000,271845421.38367
1668384000000,269685404.6310329
1668470400000,264198331.6041959
1668556800000,262109807.2436884
1668643200000,262370872.78875187
1668729600000,260021282.88318095
1668816000000,261326610.60849813
1668902400000,256105299.7072294
1668988800000,261338645.16110817
1669075200000,263077533.68556604
1669161600000,255675116.61526704
1669248000000,253514068.0339201
1669334400000,251336973.3824265
1669420800000,247324396.88041547
1669507200000,237549657.9718377
1669593600000,234325626.79506588
1669680000000,236949653.9708225
1669766400000,238261667.55870083
1669852800000,237474459.40597385
1669939200000,243772124.62778974
1670025600000,244296930.06294107
1670112000000,250069789.84960562
1670198400000,251119400.71990827
1670284800000,252956219.7429379
1670371200000,251622832.88591573
1670457600000,257239076.82300544
1670544000000,257703355.0266192
1670630400000,261867134.41282845
1670716800000,264942867.48152012
1670803200000,263954681.1342534
1670889600000,260419338.50565988
1670976000000,267503493.36502394
1671062400000,261667053.50978708
1671148800000,254857873.67867735
1671235200000,249507803.81137687
1671321600000,245616843.9078856
1671408000000,245130473.91994923
1671494400000,243778056.23455873
1671580800000,238811677.25203922
1671667200000,238732853.41745564
1671753600000,238833600.52731538
1671840000000,240369602.33241248
1671926400000,229161243.92893487
1672012800000,229309701.57593825
1672099200000,228283305.89436284
1672185600000,222004887.14039245
1672272000000,228283305.89436284
1672358400000,229790126.3953157
1672444800000,236319681.8994449
1672531200000,253145844.16008553
1672617600000,256661758.66230896
1672704000000,263442450.91659695
1672790400000,271973650.6206092
1672876800000,264405031.1669105
1672963200000,267006705.11450508
1673049600000,270907684.7651942
1673136000000,269015964.35747683
1673222400000,267133266.33227512
1673308800000,264757317.18927127
1673395200000,268262719.34870163
1673481600000,269231176.81927454
1673568000000,267778490.61341515
1673654400000,262694088.89290723
1673740800000,266810033.14284223
1673827200000,269802335.8626861
1673913600000,272242215.3019266
1674000000000,272968676.8170084
1674086400000,274750496.5077502
1674172800000,276898595.57557255
1674259200000,273639463.89835006
1674345600000,269076644.0265929
1674432000000,269349895.85646904
1674518400000,272286316.92130667
1674604800000,265078737.9439779
1674691200000,274421895.87755215
1674777600000,277091369.5728591
1674864000000,282964211.7025343
1674950400000,290972632.7884551
1675036800000,295092344.6738234
1675123200000,291478680.6472481
1675209600000,289179153.61051714
1675296000000,280747934.8790267
1675382400000,279891258.92129654
1675468800000,275948137.2583775
1675555200000,269106100.6907087
1675641600000,267153648.28598598
1675728000000,269948142.51491886
1675814400000,277493276.9330377
1675900800000,277772726.355931
1675987200000,282523366.54511696
1676073600000,286435658.465623
1676160000000,290068500.9632358
1676246400000,292441247.5085992
1676332800000,294461323.19596404
1676419200000,297601959.6479249
1676505600000,304363004.76889575
1676592000000,308866349.9225376
1676678400000,313668486.01023257
1676764800000,318745926.91128665
1676851200000,318943865.68000615
1676937600000,316441254.7025693
1677024000000,320056137.2255336
1677110400000,313660575.83875054
1677196800000,311436032.74769557
1677283200000,303093996.15623945
1677369600000,288927289.7839041
1677456000000,295245529.07337433
1677542400000,297173913.8446837
1677628800000,292623704.515439
1677715200000,305670928.22058815
1677801600000,302148665.54928815
1677888000000,315974737.77106893
1677974400000,329899348.7923611
1678060800000,325924657.8430554
1678147200000,323478694.1819444
1678233600000,332039566.9958333
1678320000000,320726985.06319433
1678406400000,317975275.9444443
1678492800000,308262134.5874286
1678579200000,312820210.1580214
1678665600000,315223924.8676562
1678752000000,323422660.6149441
1678838400000,318129703.9180351
1678924800000,322929882.9875809
1679011200000,323097916.55571467
1679097600000,326910145.9649151
1679184000000,325982302.5988841
1679270400000,321961648.01274985
1679356800000,321033804.6467189
1679443200000,320724523.52470857
1679529600000,324435896.9888325
1679616000000,339871180.88938516
1679702400000,348297268.16716975
1679788800000,346428971.90105784
1679875200000,348557954.4775763
1679961600000,350161877.7840896
1680048000000,349892135.0714969
1680134400000,349616995.90244436
1680220800000,344299855.80721104
1680307200000,337314061.6314125
1680393600000,335650777.3038415
1680480000000,337314061.63141257
1680566400000,331658894.9176709
1680652800000,340973287.152069
1680739200000,338312032.2279553
1680825600000,340368391.95371956
1680912000000,341754194.2257136
1680998400000,345173020.2755281
1681084800000,345257861.15325344
1681171200000,343508837.81362575
1681257600000,341989726.4993563
1681344000000,350162163.38668144
1681430400000,344834409.8157123
1681516800000,344154263.0507898
1681603200000,347895070.2578636
1681689600000,340413455.84371597
1681776000000,351295804.0824761
1681862400000,355376684.6720112
1681948800000,348235143.6403248
1682035200000,345560990.1071125
1682121600000,348110500.9860273
1682208000000,345922409.1716323
1682294400000,354604953.2654235
1682380800000,350669645.21642655
1682467200000,337458657.1963845
1682553600000,335159298.2415374
1682640000000,334513872.67251873
1682726400000,335205731.7680151
1682812800000,331054577.1950366
1682899200000,331400506.74278486
1682985600000,345583618.20046145
1683072000000,346967336.3914543
1683158400000,350772561.4166846
1683244800000,356071502.3734608
1683331200000,345788115.77999556
1683417600000,349191316.32590866
1683504000000,345380194.62595934
1683590400000,329125648.8584445
1683676800000,335978105.23046964
1683763200000,345156691.7487172
1683849600000,346364277.6162179
1683936000000,353864291.50160843
1684022400000,352500652.61335564
1684108800000,364432492.88556784
1684195200000,367841590.10619986
1684281600000,368523409.5503263
1684368000000,365114312.3296943
1684454400000,362889528.4616937
1684540800000,367602595.6166952
1684627200000,364266387.7410949
1684713600000,358081309.65445
1684800000000,358637664.95843583
1684886400000,360667317.7944366
1684972800000,355736219.95228237
1685059200000,359616849.3410918
1685145600000,360672476.1004101
1685232000000,365598734.3105621
1685318400000,368765614.58851683
1685404800000,375099375.14442647
1685491200000,375099375.14442647
1685577600000,375446313.3057874
1685664000000,370339843.966874
1685750400000,376172470.5371278
1685836800000,372449576.774223
1685923200000,369997650.6983779
1686009600000,363203583.73651445
1686096000000,363954428.09324753
1686182400000,363111293.37130934
1686268800000,371115750.74021596
1686355200000,372934945.59678566
1686441600000,381667080.9083201
1686528000000,387124665.4780292
1686614400000,394037605.932994
1686700800000,392582250.04773825
1686787200000,388090876.77272695
1686873600000,387080883.78511703
1686960000000,382472130.8424851
1687046400000,378488018.4713759
1687132800000,375318769.51075274
1687219200000,370986670.07157654
1687305600000,368062370.8079153
1687392000000,368419038.6309715
1687478400000,364329624.47866
1687564800000,353920206.6364125
1687651200000,356150796.174037
1687737600000,356894326.0199118
1687824000000,358381385.71166146
1687910400000,359868445.40341103
1687996800000,354962886.0768052
1688083200000,356541797.3917007
1688169600000,366897836.200255
1688256000000,360455252.42210305
1688342400000,365077484.17502064
1688428800000,360073549.869672
1688515200000,359098516.94295204
1688601600000,374768187.6652593
1688688000000,372250551.0878535
1688774400000,378364811.34726757
1688860800000,394549617.91630465
1688947200000,393830293.179903
1689033600000,399944553.4393169
1689120000000,397426916.8619112
1689206400000,396392073.4451751
1689292800000,392340814.7669528
1689379200000,382232982.4087545
1689465600000,371046162.9459539
1689552000000,369604727.9513671
1689638400000,366284108.48369133
1689724800000,379751132.95386463
1689811200000,381699875.58489335
1689897600000,384762662.95167285
1689984000000,374808604.00963944
1690070400000,373277210.3262497
1690156800000,370214422.9594703
1690243200000,375574300.8513344
1690329600000,366385938.75099593
1690416000000,364180106.97622174
1690502400000,366457383.57451195
1690588800000,375603450.4783431
1690675200000,373353989.83560246
1690761600000,379505380.0175222
1690848000000,374474814.71514183
1690934400000,373295214.8909487
1691020800000,376067079.42292076
1691107200000,380897980.6408042
1691193600000,373837432.7069746
1691280000000,382012803.9987773
1691366400000,380526372.85481316
1691452800000,382384411.7847683
1691539200000,377181902.78089386
1691625600000,380190034.40937424
1691712000000,371328146.3588823
1691798400000,382543793.4882761
1691884800000,387449251.41340274
1691971200000,376732896.0117458
1692057600000,386099433.15815973
1692144000000,403269733.8103853
1692230400000,403678843.1736723
1692316800000,414468415.9405263
1692403200000,410003765.14044875
1692489600000,399958300.8402744
1692576000000,410003765.14044875
1692662400000,407771439.74041003
1692748800000,398569721.15761614
1692835200000,394014008.5405422
1692921600000,390877693.99169225
1693008000000,392486325.9894129
1693094400000,394512891.46389675
1693180800000,380059392.84882385
1693267200000,365279719.2438345
1693353600000,373269193.02366006
1693440000000,366949291.3428362
1693526400000,368924260.6180936
1693612800000,375244162.2989175
1693699200000,381169070.12468994
1693785600000,397758812.03685254
1693872000000,410003621.54344887
1693958400000,396573830.47169816
1694044800000,398864518.6342212
1694131200000,398129039.78391683
1694217600000,389629513.0468654
1694304000000,387656810.6259131
1694390400000,381775963.25884056
1694476800000,384064606.03466517
1694563200000,389306277.0156265
1694649600000,393774544.8476787
1694736000000,399927272.1109237
1694822400000,421077272.0783283
1694908800000,422615453.8941396
