time,miners_revenue
1600473600000,11845038.521044407
1600560000000,11705293.4789906
1600646400000,11562857.93049928
1600732800000,11258099.322831644
1600819200000,10955047.486423766
1600905600000,10791537.3065081
1600992000000,10369588.769387588
1601078400000,10437462.28414774
1601164800000,10434834.943277875
1601251200000,10530788.421126738
1601337600000,10413604.057196869
1601424000000,10574937.749545377
1601510400000,10750927.232605409
1601596800000,10677814.0046169
1601683200000,10353622.933633741
1601769600000,10367328.425822048
1601856000000,10416265.150830971
1601942400000,10584715.073377723
1602028800000,10544277.265551541
1602115200000,10502785.115331206
1602201600000,10883986.211028842
1602288000000,10988603.28401966
1602374400000,11027444.952863669
1602460800000,10970875.618873296
1602547200000,11085768.857784795
1602633600000,11488324.717722747
1602720000000,11547100.033584705
1602806400000,11508423.644928383
1602892800000,11619437.748765262
1602979200000,11697584.700191155
1603065600000,11457895.393953871
1603152000000,11209595.430212643
1603238400000,11043645.113191262
1603324800000,11037459.347640099
1603411200000,11290481.147791991
1603497600000,11418738.14902513
1603584000000,11717961.585055817
1603670400000,11920231.6762611
1603756800000,12014383.551676407
1603843200000,11894464.399741696
1603929600000,11877959.56006752
1604016000000,11716990.359288866
1604102400000,11743963.35126268
1604188800000,11682991.819507267
1604275200000,12108626.790968442
1604361600000,12175282.758690197
1604448000000,12883159.477261472
1604534400000,13625249.315331707
1604620800000,14830212.179765189
1604707200000,15695976.62593849
1604793600000,16094686.870705936
1604880000000,16347663.277732799
1604966400000,17678279.153753784
1605052800000,17768767.827490084
1605139200000,17680103.10013127
1605225600000,17238881.83235887
1605312000000,16830710.87227617
1605398400000,16754182.20441879
1605484800000,16827672.406739626
1605571200000,16469747.756069425
1605657600000,16736175.31424831
1605744000000,17475264.49803116
1605830400000,17358600.42665789
1605916800000,18017110.775834914
1606003200000,18739770.495796878
1606089600000,19488861.68130936
1606176000000,19531700.760824896
1606262400000,19440130.608460456
1606348800000,19321473.985437386
1606435200000,19514621.80274433
1606521600000,19135576.470322553
1606608000000,18703402.268862847
1606694400000,18291528.32864193
1606780800000,17816263.863889463
1606867200000,18310537.921531294
1606953600000,18014467.485360947
1607040000000,18503364.20020629
1607126400000,18690250.785838306
1607212800000,18833340.958429478
1607299200000,18718290.729420405
1607385600000,19383889.42665268
1607472000000,19069278.18428407
1607558400000,18911619.90367645
1607644800000,18152559.930322845
1607731200000,17821439.853976365
1607817600000,17502109.75329445
1607904000000,17851214.176731844
1607990400000,17733047.12116958
1608076800000,17682088.149442464
1608163200000,18057650.232672088
1608249600000,18899072.271344434
1608336000000,20365188.092662122
1608422400000,21720530.848752845
1608508800000,22344181.57599112
1608595200000,23027276.199156485
1608681600000,23800225.382746074
1608768000000,24689048.769537784
1608854400000,24462233.948692914
1608940800000,23969470.393187378
1609027200000,23660606.34092418
1609113600000,24161528.809867527
1609200000000,25114402.28415785
1609286400000,25718093.280102428
1609372800000,26840712.44983157
1609459200000,28631136.677052047
1609545600000,29384838.683033966
1609632000000,30554291.825413812
1609718400000,31752683.158529077
1609804800000,33150479.373239975
1609891200000,34163867.85764296
1609977600000,35465027.956119694
1610064000000,37171049.087995216
1610150400000,39069627.4062586
1610236800000,40324573.43102362
1610323200000,41360143.22436338
1610409600000,41066552.265994
1610496000000,41526541.89170565
1610582400000,40739278.35485733
1610668800000,40352400.398855425
1610755200000,40263217.889912546
1610841600000,39896583.25968124
1610928000000,38291678.36587535
1611014400000,38084926.887066275
1611100800000,38071380.531664535
1611187200000,37614721.32985039
1611273600000,35867483.24416512
1611360000000,34457765.30833186
1611446400000,33832760.28040308
1611532800000,33596757.9429752
1611619200000,33152026.824407198
1611705600000,32690590.874991175
1611792000000,32097943.412374306
1611878400000,32347120.721162237
1611964800000,33431346.648275953
1612051200000,33417104.093579303
1612137600000,33863848.10887511
1612224000000,33429408.36747021
1612310400000,33923953.75730019
1612396800000,35207214.71989848
1612483200000,36899763.91027313
1612569600000,37787727.64182938
1612656000000,39458446.885842
1612742400000,40554650.345370054
1612828800000,43208139.92621007
1612915200000,45060263.0746782
1613001600000,46531370.620706
1613088000000,47031072.02708341
1613174400000,48122066.78829725
1613260800000,49351419.91109239
1613347200000,50673410.15379975
1613433600000,51114974.22217004
1613520000000,49857317.00227652
1613606400000,50122513.4853635
1613692800000,51022695.892057896
1613779200000,51870702.08564705
1613865600000,52690531.156493254
1613952000000,53732798.81476499
1614038400000,53896210.6178556
1614124800000,54704065.001094036
1614211200000,55912729.27764989
1614297600000,56500415.20716632
1614384000000,54807703.40142114
1614470400000,53587296.10973991
1614556800000,51124526.66496705
1614643200000,49925708.12199758
1614729600000,50222855.27436839
1614816000000,49565937.596317716
1614902400000,47841623.583120875
1614988800000,48187457.899852574
1615075200000,47982245.50646759
1615161600000,49275833.19604581
1615248000000,50602959.927506804
1615334400000,50934451.178547546
1615420800000,51292323.98478917
1615507200000,52294404.30643128
1615593600000,53749280.053419925
1615680000000,55134859.9725169
1615766400000,57321318.905609146
1615852800000,58159851.97236844
1615939200000,58841115.25161406
1616025600000,58384441.30920209
1616112000000,60048608.93742393
1616198400000,60279659.466416344
1616284800000,60581303.06204938
1616371200000,59911287.01100494
1616457600000,59749474.76700757
1616544000000,60213349.66699166
1616630400000,60563203.074070774
1616716800000,59352831.589199
1616803200000,57629484.890527375
1616889600000,57299553.71911543
1616976000000,57114661.387312345
1617062400000,57284856.288626745
1617148800000,57009780.325832
1617235200000,57980296.08052807
1617321600000,58381611.377695166
1617408000000,59480107.350177266
1617494400000,58743471.75423837
1617580800000,58419120.700382814
1617667200000,58773562.005099036
1617753600000,58757413.67567698
1617840000000,58471870.587626226
1617926400000,57657929.71340339
1618012800000,58471257.234160736
1618099200000,59905003.84826227
1618185600000,60233329.80280356
1618272000000,59868911.62524255
1618358400000,60236912.391479425
1618444800000,60442826.392509125
1618531200000,64320989.025580294
1618617600000,62238132.313541315
1618704000000,59514610.19413272
1618790400000,59360628.03181725
1618876800000,57577491.359305516
1618963200000,57657910.612718284
1619049600000,55669941.52849775
1619136000000,53401614.090915136
1619222400000,54431696.42862361
1619308800000,55695931.48270018
1619395200000,54514695.38929067
1619481600000,54544601.25928907
1619568000000,53855657.75172471
1619654400000,54827628.8008504
1619740800000,52621092.32867854
1619827200000,53167146.10227929
1619913600000,53612530.29399739
1620000000000,56638806.38473241
1620086400000,60047836.20934869
1620172800000,61598134.35872197
1620259200000,62331366.06376114
1620345600000,64875813.0170803
1620432000000,66629175.490140624
1620518400000,68155384.43496403
1620604800000,68273692.793593
1620691200000,68247873.67406917
1620777600000,67758319.68777926
1620864000000,68247460.60098284
1620950400000,66389020.06330278
1621036800000,62673253.52184957
1621123200000,58917245.9031416
1621209600000,54666342.88336631
1621296000000,49781104.15044923
1621382400000,44927013.984823845
1621468800000,40923148.36560575
1621555200000,37992476.069362655
1621641600000,36039817.0082275
1621728000000,34566861.764196716
1621814400000,32743301.208140407
1621900800000,32142359.189659767
1621987200000,32420825.004884336
1622073600000,31909071.57500163
1622160000000,31585774.566060398
1622246400000,31286942.714581188
1622332800000,30738524.465662915
1622419200000,31351519.623796094
1622505600000,31529494.830184538
1622592000000,31766691.668508966
1622678400000,32917643.32493321
1622764800000,33826884.455007024
1622851200000,34189833.48030965
1622937600000,34727966.53790126
1623024000000,34916033.99556631
1623110400000,34651832.213413425
1623196800000,34286484.19643624
1623283200000,32579162.338227447
1623369600000,31401137.098474566
1623456000000,30446944.940463502
1623542400000,30473463.514302645
1623628800000,30020679.408424195
1623715200000,30642978.253314562
1623801600000,31040718.431092348
1623888000000,31426163.727009602
1623974400000,31939716.08938366
1624060800000,32526064.633376576
1624147200000,31478501.982301712
1624233600000,30387208.20309978
1624320000000,28487979.22589225
1624406400000,26393549.96719602
1624492800000,25228019.471628863
1624579200000,23968061.93480633
1624665600000,23183299.341893367
1624752000000,22412251.125250973
1624838400000,20886745.101393074
1624924800000,20523111.56991718
1625011200000,20816875.728564747
1625097600000,20527679.68271054
1625184000000,20344259.856062263
1625270400000,19833239.05408534
1625356800000,21379926.578505483
1625443200000,23349420.40173279
1625529600000,24663733.09660449
1625616000000,26101163.321220066
1625702400000,26997508.813566856
1625788800000,28063876.603406664
1625875200000,29100254.25145641
1625961600000,29854043.278266422
1626048000000,29939685.53448682
1626134400000,29669091.255156856
1626220800000,29241044.589010626
1626307200000,30361390.966956962
1626393600000,29849133.430334024
1626480000000,30173458.74692872
1626566400000,29319255.418148395
1626652800000,29538524.243862987
1626739200000,30364018.35696466
1626825600000,29606350.59374857
1626912000000,28590046.512128975
1626998400000,29446992.309920482
1627084800000,29112676.387429945
1627171200000,29746761.018027373
1627257600000,30348410.878838237
1627344000000,30752324.110954825
1627430400000,33181386.786430668
1627516800000,34770546.186750636
1627603200000,35990865.03541396
1627689600000,38007291.513221376
1627776000000,39235853.17968054
1627862400000,40332588.153914794
1627948800000,40253265.760068074
1628035200000,40397801.166207746
1628121600000,39511595.285951756
1628208000000,39373505.89643349
1628294400000,39300031.84941728
1628380800000,39904078.94491814
1628467200000,40376267.045410044
1628553600000,41417775.48659273
1628640000000,42360029.24253968
1628726400000,43705567.164092295
1628812800000,44133307.82306467
1628899200000,44196923.76881319
1628985600000,44613446.44661177
1629072000000,45903751.96757839
1629158400000,46579979.6877244
1629244800000,47009326.72515774
1629331200000,46408572.61668776
1629417600000,46570716.36058025
1629504000000,47489446.03256863
1629590400000,48052308.17121208
1629676800000,47696829.59491517
1629763200000,49814172.8208886
1629849600000,49415215.607242115
1629936000000,50858985.661618836
1630022400000,50899036.79680163
1630108800000,50269851.86981503
1630195200000,48976688.79036098
1630281600000,48666282.60009933
1630368000000,45584023.69393861
1630454400000,44833117.02502389
1630540800000,43808136.53646267
1630627200000,44231341.730850495
1630713600000,44670124.182672724
1630800000000,45455226.805225536
1630886400000,45967307.43647047
1630972800000,48261439.33220744
1631059200000,49273137.04963974
1631145600000,49288133.42693971
1631232000000,48296938.9738199
1631318400000,47246148.28377003
1631404800000,46289842.81452168
1631491200000,44966270.504015096
1631577600000,43263154.542034075
1631664000000,43148615.8322439
1631750400000,43328107.25108271
1631836800000,43482256.04165255
1631923200000,44230762.709883414
1632009600000,44996802.50686586
1632096000000,45748535.880772166
1632182400000,45912593.93402239
1632268800000,43606718.25236209
1632355200000,42615409.958696894
1632441600000,43268882.875249624
1632528000000,42636318.706625246
1632614400000,41330821.51569454
1632700800000,39895429.49631984
1632787200000,39427667.52559682
1632873600000,40437708.87582444
1632960000000,40211449.57484251
1633046400000,40321040.713701904
1633132800000,40365638.45814936
1633219200000,42945619.74572517
1633305600000,43995887.27705549
1633392000000,44627395.30916572
1633478400000,46295671.002054974
1633564800000,47644098.78253009
1633651200000,48017824.77687259
1633737600000,48172313.21181495
1633824000000,47514511.37721143
1633910400000,48970187.32115223
1633996800000,49721442.55889405
1634083200000,49228532.40708775
1634169600000,51550448.22864972
1634256000000,51889084.09320309
1634342400000,53703933.958966
1634428800000,53672872.140934765
1634515200000,54520007.05611723
1634601600000,55273684.5310262
1634688000000,57156277.75690596
1634774400000,57377161.579609
1634860800000,58667349.16353993
1634947200000,59886643.74300193
1635033600000,60470584.549131796
1635120000000,60047865.13395274
1635206400000,62368415.24302028
1635292800000,62019756.391226515
1635379200000,61639453.46350426
1635465600000,61282698.23490019
1635552000000,62024078.85446528
1635638400000,62650070.370954834
1635724800000,61945252.750846386
1635811200000,59548218.40806173
1635897600000,60047799.44129423
1635984000000,60785030.480975665
1636070400000,60494741.33862603
1636156800000,59388263.00747587
1636243200000,59244362.395068765
1636329600000,60153935.629479
1636416000000,60101361.52939731
1636502400000,60526965.69130756
1636588800000,60427983.337698124
1636675200000,61700198.72399854
1636761600000,61310812.279966995
1636848000000,61784945.834714636
1636934400000,62556195.70887758
1637020800000,63396602.83605052
1637107200000,62364691.39787878
1637193600000,61362306.54127924
1637280000000,59740243.396578
1637366400000,58560688.5111795
1637452800000,57308952.602808185
1637539200000,55120351.78957846
1637625600000,53430720.39749759
1637712000000,51960586.20038414
1637798400000,52047681.278898366
1637884800000,51233674.53280808
1637971200000,50794022.66417102
1638057600000,50124806.66375279
1638144000000,49793316.53160802
1638230400000,49908417.66361196
1638316800000,49975332.59838071
1638403200000,49001759.71806516
1638489600000,50129546.972693704
1638576000000,52068697.66595464
1638662400000,51935358.23679874
1638748800000,52543314.6637475
1638835200000,52679641.09516961
1638921600000,52806853.43116908
1639008000000,53210347.93360741
1639094400000,52427618.9055646
1639180800000,50623896.156673856
1639267200000,50302541.57715846
1639353600000,49104655.8839656
1639440000000,47759762.736836515
1639526400000,47040640.27474922
1639612800000,45620360.14631796
1639699200000,43491994.248714484
1639785600000,43129665.97339757
1639872000000,41883363.80399268
1639958400000,42011583.84130825
1640044800000,41849033.3969761
1640131200000,42377381.446280785
1640217600000,42746935.71051971
1640304000000,44417341.477010205
1640390400000,45014414.32098614
1640476800000,46409351.79410226
1640563200000,46138565.230107486
1640649600000,46870810.02183975
1640736000000,46158042.9489947
1640822400000,45890083.538195245
1640908800000,44175134.16502434
1640995200000,43541361.59967155
1641081600000,43975633.81203771
1641168000000,44767954.2531051
1641254400000,43953788.69819172
1641340800000,43943119.31636693
1641427200000,43915013.937230036
1641513600000,44623775.09733273
1641600000000,43709908.56684834
1641686400000,41942595.06893623
1641772800000,40351326.23639272
1641859200000,39733314.97360225
1641945600000,39523376.4665797
1642032000000,38650676.444605894
1642118400000,39979742.81329111
1642204800000,40600401.60507784
1642291200000,41637250.54741432
1642377600000,43122702.94691463
1642464000000,43998320.22751086
1642550400000,43185456.35989153
1642636800000,44496318.69973968
1642723200000,44058403.11158762
1642809600000,42670839.32431136
1642896000000,40538652.51499904
1642982400000,38255631.96888243
1643068800000,36836353.13547285
1643155200000,36687970.781059325
1643241600000,34482717.99837964
1643328000000,32153029.510172885
1643414400000,32603571.94291095
1643500800000,33399811.051050443
1643587200000,33977025.70168579
1643673600000,34018610.110555306
1643760000000,34388028.8900864
1643846400000,35174734.79619305
1643932800000,35810057.0958926
1644019200000,35197525.867892064
1644105600000,34597920.90391623
1644192000000,35377362.56182448
1644278400000,35830307.67611151
1644364800000,36652027.79777459
1644451200000,37055893.32460074
1644537600000,38049219.512959056
1644624000000,39153536.27998166
1644710400000,41801722.10711887
1644796800000,41978339.8196491
1644883200000,42485434.09440021
1644969600000,43215124.972535096
1645056000000,43819451.35076327
1645142400000,43946116.318634056
1645228800000,43183616.69048315
1645315200000,41410096.08996291
1645401600000,40403821.27513417
1645488000000,38859043.141608045
1645574400000,37191986.677534446
1645660800000,36084146.58910931
1645747200000,34388847.365640275
1645833600000,34212654.50739249
1645920000000,33688115.50503502
1646006400000,33405706.562124785
1646092800000,34575550.10045093
1646179200000,35741118.191271
1646265600000,36118491.42322817
1646352000000,37576506.09232999
1646438400000,38052150.261271484
1646524800000,37638917.349005535
1646611200000,37517559.01269976
1646697600000,37177751.51698709
1646784000000,35918841.09127795
1646870400000,35558834.82689601
1646956800000,34939521.48382628
1647043200000,34679802.26719153
1647129600000,35735388.36803742
1647216000000,36535833.166290656
1647302400000,36756232.10815543
1647388800000,36487283.93416749
1647475200000,37002599.14796158
1647561600000,37659507.25288948
1647648000000,38008561.57259078
1647734400000,38359345.387235664
1647820800000,38701867.49663743
1647907200000,39034708.3272361
1647993600000,39829185.078814365
1648080000000,39670846.950739525
1648166400000,39395282.08495838
1648252800000,40366307.66719686
1648339200000,41039331.469442606
1648425600000,40648905.22774871
1648512000000,41767956.41591386
1648598400000,42545333.925388135
1648684800000,42773327.53023589
1648771200000,43042313.58239798
1648857600000,42642453.2109657
1648944000000,41900991.54785554
1649030400000,42344379.99270112
1649116800000,42124883.32262923
1649203200000,41811068.35453564
1649289600000,42177716.33573179
1649376000000,41804085.31677126
1649462400000,41284473.94629542
1649548800000,41360182.990273364
1649635200000,40930110.659859136
1649721600000,39472220.00129142
1649808000000,38825758.37058801
1649894400000,37824126.12272144
1649980800000,37417020.896810554
1650067200000,37811977.428452305
1650153600000,36832894.97099615
1650240000000,37419210.30614683
1650326400000,37098299.238617375
1650412800000,36184200.50357886
1650499200000,37026013.50136046
1650585600000,38297050.782096945
1650672000000,37479485.08964555
1650758400000,38430730.091424815
1650844800000,38548393.138586566
1650931200000,39510556.46617765
1651017600000,39943312.06492912
1651104000000,40065539.97940556
1651190400000,38441321.025953725
1651276800000,38853954.40987314
1651363200000,38323317.618542284
1651449600000,38021761.210025296
1651536000000,37853057.06613509
1651622400000,37999032.24766108
1651708800000,37026468.199953124
1651795200000,37813279.14133867
1651881600000,37232325.651164606
1651968000000,36599697.21051103
1652054400000,35663820.874025986
1652140800000,34688409.60997372
1652227200000,33860476.594683245
1652313600000,32784641.644539654
1652400000000,30823105.314056657
1652486400000,30325343.342242513
1652572800000,29480074.448342808
1652659200000,28137826.13528536
1652745600000,28065191.656926308
1652832000000,27769811.498101633
1652918400000,27335976.418828774
1653004800000,27125363.017578688
1653091200000,26367750.920934647
1653177600000,26196041.130115848
1653264000000,25971832.02603447
1653350400000,25808010.716306124
1653436800000,24955985.902996007
1653523200000,25249456.40090527
1653609600000,25684655.57632115
1653696000000,25831701.775982615
1653782400000,26057692.785896044
1653868800000,26686952.087062947
1653955200000,26569077.88893974
1654041600000,27560282.423160814
1654128000000,27513908.75203473
1654214400000,27170463.704519033
1654300800000,27448997.334180463
1654387200000,27377950.324351314
1654473600000,27443829.862433426
1654560000000,27487489.914429843
1654646400000,27682168.254827023
1654732800000,28717953.560388856
1654819200000,29267728.871637452
1654905600000,29314285.19918028
1654992000000,29540475.101442922
1655078400000,28782628.42064811
1655164800000,27493429.840367854
1655251200000,26073460.174756356
1655337600000,24398605.777025055
1655424000000,22756010.400025543
1655510400000,20856056.430393152
1655596800000,19571944.48158119
1655683200000,18668003.66368404
1655769600000,18136413.14894514
1655856000000,18023705.613868244
1655942400000,17186339.91754836
1656028800000,17700044.36673108
1656115200000,18153419.4795658
1656201600000,18320076.24047995
1656288000000,18674688.882261213
1656374400000,18794089.824936032
1656460800000,18717813.820455603
1656547200000,19088199.93947921
1656633600000,19225699.428666275
1656720000000,19105312.299668483
1656806400000,18608021.305211723
1656892800000,18613586.9442247
1656979200000,18544121.432362575
1657065600000,17925894.03232534
1657152000000,17566457.881598633
1657238400000,17549625.742348153
1657324800000,18103606.95873359
1657411200000,18373163.92388672
1657497600000,18662543.840036295
1657584000000,18429442.66178107
1657670400000,19016367.864959877
1657756800000,18609244.701647762
1657843200000,17957781.668337453
1657929600000,17723085.440434206
1658016000000,17852924.21558813
1658102400000,17358355.88778472
1658188800000,17676221.310196064
1658275200000,17778942.107332192
1658361600000,18523678.976343274
1658448000000,19160725.337378353
1658534400000,19249877.7337512
1658620800000,19574734.10912044
1658707200000,20306156.477078784
1658793600000,20558197.161751963
1658880000000,20754548.664500166
1658966400000,21225710.67956769
1659052800000,21286793.741379406
1659139200000,21654409.360116888
1659225600000,21333136.94590202
1659312000000,21383094.901349414
1659398400000,21381525.355833244
1659484800000,21601658.80776311
1659571200000,21443812.14639187
1659657600000,21165488.302032955
1659744000000,21147769.018582392
1659830400000,21715065.19089905
1659916800000,21808411.045810588
1660003200000,22096344.313015368
1660089600000,21898235.121830817
1660176000000,22000231.740982752
1660262400000,22364726.662539184
1660348800000,22571438.51806139
1660435200000,22279620.6114405
1660521600000,21866926.78936379
1660608000000,21891803.14577279
1660694400000,22027576.52692736
1660780800000,21709646.018264968
1660867200000,21656461.200497955
1660953600000,21821961.51882637
1661040000000,21580256.774794456
1661126400000,21451225.61135192
1661212800000,21137331.50757477
1661299200000,21250258.07573486
1661385600000,21245496.548974313
1661472000000,21286174.27107627
1661558400000,21137805.84378342
1661644800000,20925135.195260424
1661731200000,21049826.63645825
1661817600000,21016404.154968806
1661904000000,20681638.508056555
1661990400000,20565065.492454134
1662076800000,19966192.13121477
1662163200000,18961270.158151306
1662249600000,18973625.62544345
1662336000000,19040748.836591683
1662422400000,18955364.85704994
1662508800000,18500079.429093596
1662595200000,18292754.14356857
1662681600000,18015836.97382037
1662768000000,18420676.16488513
1662854400000,18813643.23902311
1662940800000,19412132.103498995
1663027200000,19732147.612292968
1663113600000,19899156.83573265
1663200000000,19737385.077312328
1663286400000,20186191.508050136
1663372800000,19721753.602502905
1663459200000,19834847.320055734
1663545600000,19038260.943038963
1663632000000,18246624.017179776
1663718400000,18199039.608526625
1663804800000,18292503.807414036
1663891200000,17818669.842569757
1663977600000,17851867.28258089
1664064000000,17222566.02940177
1664150400000,17009473.201794516
1664236800000,17390852.683267724
1664323200000,17098299.711902928
1664409600000,17262649.151773248
1664496000000,17579816.072968554
1664582400000,18233163.33620561
1664668800000,18906726.447175838
1664755200000,19039071.46124921
1664841600000,19072861.246092558
1664928000000,19643976.54592209
1665014400000,20219077.599120952
1665100800000,20592371.19125927
1665187200000,20644958.182205994
1665273600000,20550274.065409858
1665360000000,20657747.807204373
1665446400000,20891127.48157581
1665532800000,20761848.38892277
1665619200000,19950808.688162845
1665705600000,19536654.033984274
1665792000000,19253788.186351012
1665878400000,18812376.49957462
1665964800000,18503599.98217443
1666051200000,18215322.18664291
1666137600000,17931561.7648543
1666224000000,18241051.06324052
1666310400000,18311378.5047842
1666396800000,18236232.608968444
1666483200000,17933835.559139576
1666569600000,18101924.930224717
1666656000000,17854171.50584662
1666742400000,17519455.754340563
1666828800000,17759757.911792703
1666915200000,17752459.620504506
1667001600000,18014486.611561067
1667088000000,18357694.064741824
1667174400000,18207478.847005483
1667260800000,19034200.572821043
1667347200000,19573163.933848295
1667433600000,18934832.16225406
1667520000000,19455717.128226902
1667606400000,18946808.089172717
1667692800000,19173784.1878017
1667779200000,19275828.419722255
1667865600000,18784628.328624807
1667952000000,18976505.2348548
1668038400000,19095569.77898341
1668124800000,18315064.999018367
1668211200000,18001561.227100108
1668297600000,17629584.625856202
1668384000000,16948942.288485806
1668470400000,16116124.133886853
1668556800000,15622622.645307807
1668643200000,15548464.317455228
1668729600000,15424648.423767531
1668816000000,15476814.957297063
1668902400000,15170850.155670939
1668988800000,15494770.209829133
1669075200000,15539172.230557846
1669161600000,14973814.800570343
1669248000000,14825904.355045155
1669334400000,14647236.77360627
1669420800000,14341751.026536915
1669507200000,13762035.539533874
1669593600000,13530016.554855252
1669680000000,13721638.644207062
1669766400000,13842988.838989308
1669852800000,13819057.05106133
1669939200000,14308372.261936149
1670025600000,14395988.825955132
1670112000000,14770960.401139934
1670198400000,14888920.931146173
1670284800000,15055198.229684988
1670371200000,15185031.367949482
1670457600000,15676570.37071291
1670544000000,15771793.397997266
1670630400000,16208848.070591886
1670716800000,16649587.378146814
1670803200000,16753489.214796433
1670889600000,16666031.357647257
1670976000000,17176785.838699337
1671062400000,16940854.746655498
1671148800000,16610938.561971726
1671235200000,16276189.344911298
1671321600000,15985911.4677569
1671408000000,15908441.990036372
1671494400000,15775732.061230447
1671580800000,15333381.957459105
1671667200000,15119936.008695552
1671753600000,14950934.99663508
1671840000000,14913183.454178346
1671926400000,14132299.410268048
1672012800000,14090067.352265391
1672099200000,14033797.469775578
1672185600000,13646061.175592681
1672272000000,14005301.857024819
1672358400000,14081217.714193849
1672444800000,14441566.140200678
1672531200000,15368668.38587497
1672617600000,15525755.62256284
1672704000000,15860503.972324576
1672790400000,16435017.647638956
1672876800000,16102116.22959278
1672963200000,16418375.268098995
1673049600000,16828704.6113952
1673136000000,16870663.493613917
1673222400000,16893272.222137433
1673308800000,16910532.917211138
1673395200000,17219116.04211319
1673481600000,17323800.74477414
1673568000000,17388709.119171895
1673654400000,17347504.288844787
1673740800000,18186581.921106
1673827200000,18905023.921227943
1673913600000,19333121.96314048
1674000000000,19658675.38843587
1674086400000,20068220.914404243
1674172800000,20293973.81988724
1674259200000,20142665.08430056
1674345600000,19795022.76719938
1674432000000,19863258.659640912
1674518400000,20335069.4888435
1674604800000,20044801.325907357
1674691200000,20982335.677313793
1674777600000,21467912.78282125
1674864000000,22066371.78246361
1674950400000,22685347.625593998
1675036800000,22965788.367698792
1675123200000,22606269.969880443
1675209600000,22325640.983845454
1675296000000,21564121.100086216
1675382400000,21489218.980285045
1675468800000,21196470.82474781
1675555200000,20612668.593807567
1675641600000,20410784.113922715
1675728000000,20592243.85653254
1675814400000,21199432.43089849
1675900800000,21200221.42467297
1675987200000,21376228.893252555
1676073600000,21403850.99156571
1676160000000,21452357.76688646
1676246400000,21456280.407519136
1676332800000,21462894.842199337
1676419200000,21526178.23897897
1676505600000,22029273.11645022
1676592000000,22737711.841570284
1676678400000,23472127.294997998
1676764800000,24278983.30608294
1676851200000,24738981.23227054
1676937600000,25076066.224689722
1677024000000,25771068.77616846
1677110400000,25427560.60520365
1677196800000,25181012.624080777
1677283200000,24424317.87832718
1677369600000,22958685.094689514
1677456000000,22836785.483481742
1677542400000,22455914.140903525
1677628800000,21615687.963722635
1677715200000,22261396.285831016
1677801600000,21560252.26769811
1677888000000,22101095.014285766
1677974400000,22938326.346634
1678060800000,22596459.788856033
1678147200000,22305008.239341233
1678233600000,22731500.6255883
1678320000000,21722965.87791858
1678406400000,21348954.794453062
1678492800000,20447735.885713417
1678579200000,20380968.857688695
1678665600000,20209134.848420504
1678752000000,20747188.579023145
1678838400000,20795712.340005662
1678924800000,21446647.09631313
1679011200000,21800151.852129187
1679097600000,22855301.706787486
1679184000000,23879260.893491864
1679270400000,24635172.639197867
1679356800000,25283840.622851882
1679443200000,25646865.739053387
1679529600000,26466892.56411121
1679616000000,28289145.05055499
1679702400000,28896654.973948322
1679788800000,28483850.85784945
1679875200000,28349782.90189714
1679961600000,28137672.27608498
1680048000000,27692282.4689745
1680134400000,27315922.913772516
1680220800000,26507679.10675348
1680307200000,25967800.202965092
1680393600000,25970098.591244332
1680480000000,26234115.454880144
1680566400000,25884773.549147744
1680652800000,26789492.715608716
1680739200000,26638464.97079781
1680825600000,26835122.720099043
1680912000000,26853580.56385821
1680998400000,26979918.67617395
1681084800000,26779535.838938866
1681171200000,26614227.486507494
1681257600000,26695158.41559418
1681344000000,27438826.506920297
1681430400000,27098065.0457091
1681516800000,27397156.52349704
1681603200000,28019160.38786044
1681689600000,27730966.02958551
1681776000000,28766392.34885362
1681862400000,28961194.456527777
1681948800000,28336543.362377413
1682035200000,27888631.68462866
1682121600000,27608710.587658428
1682208000000,26889151.2956475
1682294400000,27142391.500805322
1682380800000,26479977.35869616
1682467200000,25138492.641376276
1682553600000,24855329.08121931
1682640000000,24962832.073968627
1682726400000,25290414.591296464
1682812800000,25344578.036306877
1682899200000,25745701.584319055
1682985600000,27169894.57480118
1683072000000,27767650.493705723
1683158400000,28385012.278482407
1683244800000,29034974.582763918
1683331200000,28665554.474437088
1683417600000,29546862.04678393
1683504000000,30727092.285716392
1683590400000,31673275.459304202
1683676800000,33361777.149229545
1683763200000,34828143.37287472
1683849600000,35015164.36930117
1683936000000,35330500.67247119
1684022400000,34575688.71460063
1684108800000,33835748.65832237
1684195200000,31815633.313016
1684281600000,30650695.946136747
1684368000000,29304701.780146535
1684454400000,28701799.196920898
1684540800000,28817056.893097647
1684627200000,28408263.16944896
1684713600000,27806233.12910115
1684800000000,27585614.679313812
1684886400000,27303920.848810814
1684972800000,26683251.675361153
1685059200000,26739650.94168248
1685145600000,26637237.378461342
1685232000000,26854334.060594957
1685318400000,27083267.175777685
1685404800000,27729164.974570792
1685491200000,27852448.366881005
1685577600000,27945102.26126239
1685664000000,27595790.022665735
1685750400000,27896741.302324355
1685836800000,27572438.764854312
1685923200000,27166801.581012666
1686009600000,26277565.723213192
1686096000000,25997360.89974053
1686182400000,25892862.629950207
1686268800000,26305324.035686094
1686355200000,26334763.66144899
1686441600000,26700837.2500759
1686528000000,26852072.55541805
1686614400000,27160050.168197773
1686700800000,26849603.351525925
1686787200000,26251432.607062194
1686873600000,25764776.245792985
1686960000000,25119181.567361493
1687046400000,24889028.21311531
1687132800000,24692875.596372284
1687219200000,24385352.783916812
1687305600000,24333781.25047559
1687392000000,24688246.776459027
1687478400000,25095546.074542966
1687564800000,25026636.11734366
1687651200000,25659539.090424206
1687737600000,26278299.024385605
1687824000000,26946593.029491607
1687910400000,27403475.875137683
1687996800000,27112395.368369035
1688083200000,27364793.621666472
1688169600000,28212693.67255787
1688256000000,27805215.476509783
1688342400000,28316563.47622037
1688428800000,28167021.359578717
1688515200000,28302064.5879891
1688601600000,29578015.41272709
1688688000000,29323460.747457605
1688774400000,29715522.71583315
1688860800000,30852537.99008743
1688947200000,30768741.672999114
1689033600000,31006021.627565537
1689120000000,30723716.37936952
1689206400000,30469885.735666398
1689292800000,29972213.97277058
1689379200000,29044504.84941717
1689465600000,28037707.74455478
1689552000000,27559708.9140454
1689638400000,27066231.479931924
1689724800000,27731305.983025823
1689811200000,27702043.82277312
1689897600000,27854320.794272758
1689984000000,27009748.36948795
1690070400000,26919153.556692697
1690156800000,26700233.450098526
1690243200000,27016033.192649283
1690329600000,26214995.467414796
1690416000000,26014821.53008139
1690502400000,26249065.303802587
1690588800000,26910033.160189543
1690675200000,26663476.119330764
1690761600000,27146675.471313942
1690848000000,27018515.129630852
1690934400000,27077141.028619222
1691020800000,27425304.905345295
1691107200000,27696779.124620486
1691193600000,27249669.38291258
1691280000000,27804687.11205408
1691366400000,27604101.08763652
1691452800000,27561163.428844888
1691539200000,27240051.346454125
1691625600000,27462152.39328263
1691712000000,26879989.58749112
1691798400000,27644410.98310111
1691884800000,28030599.784499943
1691971200000,27358760.146312404
1692057600000,28091360.43275859
1692144000000,29239936.139327593
1692230400000,29192551.900049068
1692316800000,29800021.013201702
1692403200000,29082596.51123325
1692489600000,27929323.219458245
1692576000000,28158540.867274415
1692662400000,27444606.859989434
1692748800000,26320465.574657805
1692835200000,25339314.989563167
1692921600000,24611969.887776904
1693008000000,24474097.859727763
1693094400000,24453178.828994256
1693180800000,23321980.516756505
1693267200000,22225701.087890618
1693353600000,22631986.069268942
1693440000000,22399914.448123656
1693526400000,22632570.314048447
1693612800000,23011553.12616601
1693699200000,23307070.487356044
1693785600000,24283569.50948202
1693872000000,25051178.401055504
1693958400000,24244786.327750836
1694044800000,24303331.433294017
1694131200000,24223767.245114915
1694217600000,23863454.966759894
1694304000000,23881540.201195624
1694390400000,23715999.93800943
1694476800000,23879027.598594718
1694563200000,24213824.03953768
1694649600000,24539876.486694556
1694736000000,24996419.757744055
1694822400000,26344834.022260983
1694908800000,26515397.297244817
