time,n_transactions_total
1600473600000,568372931.4285715
1600560000000,568695690.2857143
1600646400000,569017769.0
1600732800000,569340520.8571428
1600819200000,569655383.8571428
1600905600000,569966989.7142857
1600992000000,570279862.0
1601078400000,570588127.5714285
1601164800000,570900172.7142857
1601251200000,571209506.8571428
1601337600000,571518934.1428572
1601424000000,571828139.1428572
1601510400000,572142180.2857143
1601596800000,572456408.4285715
1601683200000,572768867.4285715
1601769600000,573076266.2857143
1601856000000,573388391.5714285
1601942400000,573701776.7142857
1602028800000,574014942.4285715
1602115200000,574324106.4285715
1602201600000,574636056.7142857
1602288000000,574951493.0
1602374400000,575270186.1428572
1602460800000,575587214.7142857
1602547200000,575902542.8571428
1602633600000,576220728.0
1602720000000,576540972.7142857
1602806400000,576853297.0
1602892800000,577167286.8571428
1602979200000,577479080.2857143
1603065600000,577787609.7142857
1603152000000,578092578.4285715
1603238400000,578395907.8571428
1603324800000,578699074.2857143
1603411200000,579001562.4285715
1603497600000,579303807.4285715
1603584000000,579605885.4285715
1603670400000,579912574.5714285
1603756800000,580220669.8571428
1603843200000,580521597.7142857
1603929600000,580811182.1428572
1604016000000,581093658.1428572
1604102400000,581367106.5714285
1604188800000,581632875.2857143
1604275200000,581893973.2857143
1604361600000,582160019.1428572
1604448000000,582422123.4285715
1604534400000,582695524.4285715
1604620800000,582977557.5714285
1604707200000,583265717.2857143
1604793600000,583563918.5714285
1604880000000,583861504.7142857
1604966400000,584154434.8571428
1605052800000,584461734.8571428
1605139200000,584764941.4285715
1605225600000,585068366.1428572
1605312000000,585372614.8571428
1605398400000,585671323.7142857
1605484800000,585970440.7142857
1605571200000,586270872.7142857
1605657600000,586569342.5714285
1605744000000,586874167.7142857
1605830400000,587184673.0
1605916800000,587493191.1428572
1606003200000,587808365.7142857
1606089600000,588128908.8571428
1606176000000,588452211.8571428
1606262400000,588773479.8571428
1606348800000,589092592.2857143
1606435200000,589411614.4285715
1606521600000,589732666.7142857
1606608000000,590050204.1428572
1606694400000,590365183.4285715
1606780800000,590678776.4285715
1606867200000,590986622.2857143
1606953600000,591301135.4285715
1607040000000,591610710.1428572
1607126400000,591923314.1428572
1607212800000,592235354.7142857
1607299200000,592545911.0
1607385600000,592855784.4285715
1607472000000,593171943.8571428
1607558400000,593481309.7142857
1607644800000,593789707.5714285
1607731200000,594093436.8571428
1607817600000,594395371.4285715
1607904000000,594699099.1428572
1607990400000,595005339.5714285
1608076800000,595313320.0
1608163200000,595619895.4285715
1608249600000,595925724.8571428
1608336000000,596230966.8571428
1608422400000,596546201.8571428
1608508800000,596868194.7142857
1608595200000,597191146.4285715
1608681600000,597507854.5714285
1608768000000,597824807.5714285
1608854400000,598145325.5714285
1608940800000,598460025.5714285
1609027200000,598764431.2857143
1609113600000,599058937.4285715
1609200000000,599357227.1428572
1609286400000,599661297.5714285
1609372800000,599967051.1428572
1609459200000,600272762.2857143
1609545600000,600589088.7142857
1609632000000,600898918.2857143
1609718400000,601212249.7142857
1609804800000,601532787.0
1609891200000,601862223.1428572
1609977600000,602194440.5714285
1610064000000,602535033.1428572
1610150400000,602883987.8571428
1610236800000,603247243.1428572
1610323200000,603613816.2857143
1610409600000,603976432.4285715
1610496000000,604333536.1428572
1610582400000,604688033.8571428
1610668800000,605031172.2857143
1610755200000,605365367.4285715
1610841600000,605697656.7142857
1610928000000,606028075.0
1611014400000,606349891.1428572
1611100800000,606668817.7142857
1611187200000,606986182.2857143
1611273600000,607303009.5714285
1611360000000,607612797.7142857
1611446400000,607920181.2857143
1611532800000,608226847.5714285
1611619200000,608531158.4285715
1611705600000,608834925.0
1611792000000,609140302.7142857
1611878400000,609447020.0
1611964800000,609758705.4285715
1612051200000,610072246.8571428
1612137600000,610386916.1428572
1612224000000,610706759.0
1612310400000,611022579.4285715
1612396800000,611342233.0
1612483200000,611664941.8571428
1612569600000,611993752.1428572
1612656000000,612325359.0
1612742400000,612660048.4285715
1612828800000,612994059.4285715
1612915200000,613335953.4285715
1613001600000,613677251.0
1613088000000,614017940.0
1613174400000,614349487.1428572
1613260800000,614678523.0
1613347200000,615008206.8571428
1613433600000,615339652.2857143
1613520000000,615667113.7142857
1613606400000,615985361.0
1613692800000,616300346.5714285
1613779200000,616617295.4285715
1613865600000,616933857.8571428
1613952000000,617248219.1428572
1614038400000,617558846.7142857
1614124800000,617866041.4285715
1614211200000,618172066.2857143
1614297600000,618483557.1428572
1614384000000,618796463.0
1614470400000,619104402.0
1614556800000,619412299.5714285
1614643200000,619717645.2857143
1614729600000,620022391.2857143
1614816000000,620334299.4285715
1614902400000,620642975.1428572
1614988800000,620946358.7142857
1615075200000,621251397.8571428
1615161600000,621551718.7142857
1615248000000,621852762.1428572
1615334400000,622155428.0
1615420800000,622452959.2857143
1615507200000,622751840.5714285
1615593600000,623051129.4285715
1615680000000,623350880.7142857
1615766400000,623648918.1428572
1615852800000,623953745.1428572
1615939200000,624258772.0
1616025600000,624566417.0
1616112000000,624867129.5714285
1616198400000,625173446.5714285
1616284800000,625478956.5714285
1616371200000,625786021.5714285
1616457600000,626082861.1428572
1616544000000,626380273.2857143
1616630400000,626677228.2857143
1616716800000,626975243.5714285
1616803200000,627271493.8571428
1616889600000,627564604.4285715
1616976000000,627857814.0
1617062400000,628152845.4285715
1617148800000,628448722.8571428
1617235200000,628745416.1428572
1617321600000,629046309.2857143
1617408000000,629346168.5714285
1617494400000,629647814.7142857
1617580800000,629948603.0
1617667200000,630249005.4285715
1617753600000,630547292.2857143
1617840000000,630843955.1428572
1617926400000,631138958.7142857
1618012800000,631429406.7142857
1618099200000,631722367.4285715
1618185600000,632017840.8571428
1618272000000,632314347.7142857
1618358400000,632611259.0
1618444800000,632908399.8571428
1618531200000,633202031.1428572
1618617600000,633506909.7142857
1618704000000,633797177.2857143
1618790400000,634072532.5714285
1618876800000,634351135.0
1618963200000,634617554.8571428
1619049600000,634879525.0
1619136000000,635131480.2857143
1619222400000,635371351.1428572
1619308800000,635621779.2857143
1619395200000,635885821.0
1619481600000,636144991.2857143
1619568000000,636409076.4285715
1619654400000,636675739.2857143
1619740800000,636949603.7142857
1619827200000,637221301.4285715
1619913600000,637492460.4285715
1620000000000,637759557.7142857
1620086400000,638025583.7142857
1620172800000,638298224.0
1620259200000,638571317.7142857
1620345600000,638849077.8571428
1620432000000,639134209.4285715
1620518400000,639421828.4285715
1620604800000,639711458.7142857
1620691200000,640002884.4285715
1620777600000,640296679.5714285
1620864000000,640591977.5714285
1620950400000,640886214.1428572
1621036800000,641175395.7142857
1621123200000,641458636.7142857
1621209600000,641735335.0
1621296000000,642008264.8571428
1621382400000,642273718.1428572
1621468800000,642526202.1428572
1621555200000,642773169.2857143
1621641600000,643013310.8571428
1621728000000,643247747.4285715
1621814400000,643481051.8571428
1621900800000,643710747.7142857
1621987200000,643938014.4285715
1622073600000,644166986.8571428
1622160000000,644391412.1428572
1622246400000,644614014.5714285
1622332800000,644835380.7142857
1622419200000,645053066.5714285
1622505600000,645268760.8571428
1622592000000,645483475.7142857
1622678400000,645698181.7142857
1622764800000,645915731.1428572
1622851200000,646139081.2857143
1622937600000,646364809.7142857
1623024000000,646590356.1428572
1623110400000,646816561.2857143
1623196800000,647044049.1428572
1623283200000,647273489.1428572
1623369600000,647496999.7142857
1623456000000,647720202.0
1623542400000,647940748.7142857
1623628800000,648165194.8571428
1623715200000,648389727.1428572
1623801600000,648615337.2857143
1623888000000,648840211.8571428
1623974400000,649071155.4285715
1624060800000,649299996.2857143
1624147200000,649529804.1428572
1624233600000,649754497.5714285
1624320000000,649976276.0
1624406400000,650192843.7142857
1624492800000,650402833.8571428
1624579200000,650609861.1428572
1624665600000,650816004.1428572
1624752000000,651021747.7142857
1624838400000,651226620.7142857
1624924800000,651425717.0
1625011200000,651625993.8571428
1625097600000,651827819.0
1625184000000,652028011.2857143
1625270400000,652227783.2857143
1625356800000,652422987.5714285
1625443200000,652626251.8571428
1625529600000,652836215.2857143
1625616000000,653047087.2857143
1625702400000,653261280.1428572
1625788800000,653475555.7142857
1625875200000,653690021.0
1625961600000,653910116.4285715
1626048000000,654123270.0
1626134400000,654335318.0
1626220800000,654547148.7142857
1626307200000,654758916.5714285
1626393600000,654972971.1428572
1626480000000,655186382.2857143
1626566400000,655399227.0
1626652800000,655611084.0
1626739200000,655822512.0
1626825600000,656034908.7142857
1626912000000,656247486.1428572
1626998400000,656459840.2857143
1627084800000,656672511.5714285
1627171200000,656886332.1428572
1627257600000,657102377.0
1627344000000,657320396.8571428
1627430400000,657543526.2857143
1627516800000,657770068.8571428
1627603200000,657998984.4285715
1627689600000,658232828.8571428
1627776000000,658469933.1428572
1627862400000,658708338.1428572
1627948800000,658948436.0
1628035200000,659184897.4285715
1628121600000,659420282.8571428
1628208000000,659653848.7142857
1628294400000,659885051.5714285
1628380800000,660117006.0
1628467200000,660349739.2857143
1628553600000,660583348.0
1628640000000,660819162.8571428
1628726400000,661056954.5714285
1628812800000,661297987.4285715
1628899200000,661539655.4285715
1628985600000,661781433.4285715
1629072000000,662022955.5714285
1629158400000,662263150.4285715
1629244800000,662504910.7142857
1629331200000,662746352.2857143
1629417600000,662985729.7142857
1629504000000,663225484.2857143
1629590400000,663466725.7142857
1629676800000,663709294.5714285
1629763200000,663952924.1428572
1629849600000,664197585.8571428
1629936000000,664442795.7142857
1630022400000,664690200.4285715
1630108800000,664938481.1428572
1630195200000,665184589.8571428
1630281600000,665430725.8571428
1630368000000,665676821.4285715
1630454400000,665920157.1428572
1630540800000,666164726.4285715
1630627200000,666411687.7142857
1630713600000,666662943.0
1630800000000,666918231.2857143
1630886400000,667174855.1428572
1630972800000,667433533.8571428
1631059200000,667694460.1428572
1631145600000,667956262.2857143
1631232000000,668216845.0
1631318400000,668475157.5714285
1631404800000,668730258.0
1631491200000,668983761.0
1631577600000,669235535.4285715
1631664000000,669485449.7142857
1631750400000,669734015.5714285
1631836800000,669982364.4285715
1631923200000,670230211.1428572
1632009600000,670479586.0
1632096000000,670730561.4285715
1632182400000,670982469.8571428
1632268800000,671236446.5714285
1632355200000,671487089.0
1632441600000,671738651.2857143
1632528000000,671990063.8571428
1632614400000,672241993.7142857
1632700800000,672491818.5714285
1632787200000,672740893.4285715
1632873600000,672988252.2857143
1632960000000,673238093.2857143
1633046400000,673483213.2857143
1633132800000,673731543.5714285
1633219200000,673980128.2857143
1633305600000,674235326.1428572
1633392000000,674493854.7142857
1633478400000,674754088.7142857
1633564800000,675021521.8571428
1633651200000,675292603.7142857
1633737600000,675568428.7142857
1633824000000,675844568.7142857
1633910400000,676118640.2857143
1633996800000,676391857.0
1634083200000,676666515.0
1634169600000,676935709.4285715
1634256000000,677207942.0
1634342400000,677473923.4285715
1634428800000,677742814.8571428
1634515200000,678015128.7142857
1634601600000,678287802.2857143
1634688000000,678561465.0
1634774400000,678840387.2857143
1634860800000,679119759.0
1634947200000,679404866.7142857
1635033600000,679687832.2857143
1635120000000,679964570.0
1635206400000,680240703.4285715
1635292800000,680516615.0
1635379200000,680790166.2857143
1635465600000,681063550.5714285
1635552000000,681333339.0
1635638400000,681606076.7142857
1635724800000,681882419.0
1635811200000,682159860.1428572
1635897600000,682438371.4285715
1635984000000,682717379.1428572
1636070400000,682996082.1428572
1636156800000,683273672.5714285
1636243200000,683548424.4285715
1636329600000,683821026.0
1636416000000,684094591.5714285
1636502400000,684367386.1428572
1636588800000,684645645.4285715
1636675200000,684925524.0
1636761600000,685206191.4285715
1636848000000,685486367.1428572
1636934400000,685766887.1428572
1637020800000,686047058.8571428
1637107200000,686327669.5714285
1637193600000,686603376.5714285
1637280000000,686877556.8571428
1637366400000,687151601.2857143
1637452800000,687426055.2857143
1637539200000,687702046.8571428
1637625600000,687977898.8571428
1637712000000,688252433.1428572
1637798400000,688524416.8571428
1637884800000,688797610.0
1637971200000,689069894.0
1638057600000,689343307.1428572
1638144000000,689615239.2857143
1638230400000,689886392.1428572
1638316800000,690160410.2857143
1638403200000,690435966.5714285
1638489600000,690710024.0
1638576000000,690987977.1428572
1638662400000,691265370.1428572
1638748800000,691544570.4285715
1638835200000,691823950.1428572
1638921600000,692100947.5714285
1639008000000,692377074.4285715
1639094400000,692650206.1428572
1639180800000,692918841.1428572
1639267200000,693184657.8571428
1639353600000,693446746.4285715
1639440000000,693708790.4285715
1639526400000,693969880.1428572
1639612800000,694229503.1428572
1639699200000,694491189.5714285
1639785600000,694749101.8571428
1639872000000,695006202.2857143
1639958400000,695264954.0
1640044800000,695522505.0
1640131200000,695778483.1428572
1640217600000,696038214.5714285
1640304000000,696298886.2857143
1640390400000,696564819.8571428
1640476800000,696830255.7142857
1640563200000,697091238.0
1640649600000,697350990.4285715
1640736000000,697608216.2857143
1640822400000,697860017.4285715
1640908800000,698110177.8571428
1640995200000,698353455.1428572
1641081600000,698597760.1428572
1641168000000,698839455.0
1641254400000,699080696.4285715
1641340800000,699320261.8571428
1641427200000,699560773.8571428
1641513600000,699800618.2857143
1641600000000,700043241.8571428
1641686400000,700284136.1428572
1641772800000,700530263.8571428
1641859200000,700778203.4285715
1641945600000,701030589.4285715
1642032000000,701283740.8571428
1642118400000,701536849.2857143
1642204800000,701791276.4285715
1642291200000,702047752.8571428
1642377600000,702305671.7142857
1642464000000,702564532.5714285
1642550400000,702822215.0
1642636800000,703077974.2857143
1642723200000,703333340.7142857
1642809600000,703588546.2857143
1642896000000,703843948.2857143
1642982400000,704101622.8571428
1643068800000,704357746.5714285
1643155200000,704615340.1428572
1643241600000,704873028.0
1643328000000,705129588.7142857
1643414400000,705383617.0
1643500800000,705636764.8571428
1643587200000,705887068.7142857
1643673600000,706137865.1428572
1643760000000,706387496.2857143
1643846400000,706638216.5714285
1643932800000,706891445.1428572
1644019200000,707146350.7142857
1644105600000,707398809.8571428
1644192000000,707655249.7142857
1644278400000,707913139.4285715
1644364800000,708171046.7142857
1644451200000,708429425.2857143
1644537600000,708685989.4285715
1644624000000,708942001.8571428
1644710400000,709199277.0
1644796800000,709452272.5714285
1644883200000,709704135.2857143
1644969600000,709953835.1428572
1645056000000,710203096.8571428
1645142400000,710452501.7142857
1645228800000,710700917.8571428
1645315200000,710949803.0
1645401600000,711197636.7142857
1645488000000,711444079.4285715
1645574400000,711689221.1428572
1645660800000,711932271.8571428
1645747200000,712173274.2857143
1645833600000,712413966.8571428
1645920000000,712654804.5714285
1646006400000,712895562.0
1646092800000,713137625.4285715
1646179200000,713384466.1428572
1646265600000,713634292.8571428
1646352000000,713889316.5714285
1646438400000,714146540.1428572
1646524800000,714403950.5714285
1646611200000,714661888.7142857
1646697600000,714919361.2857143
1646784000000,715174704.1428572
1646870400000,715426577.7142857
1646956800000,715676152.8571428
1647043200000,715924696.5714285
1647129600000,716171770.8571428
1647216000000,716419033.8571428
1647302400000,716666364.8571428
1647388800000,716914300.5714285
1647475200000,717163400.0
1647561600000,717413039.4285715
1647648000000,717664826.4285715
1647734400000,717918049.8571428
1647820800000,718173738.5714285
1647907200000,718430006.5714285
1647993600000,718685890.0
1648080000000,718942062.5714285
1648166400000,719196496.5714285
1648252800000,719449031.0
1648339200000,719705631.5714285
1648425600000,719960417.2857143
1648512000000,720216234.0
1648598400000,720477010.8571428
1648684800000,720741053.4285715
1648771200000,721006195.7142857
1648857600000,721273494.5714285
1648944000000,721540035.5714285
1649030400000,721810041.8571428
1649116800000,722080790.4285715
1649203200000,722349264.2857143
1649289600000,722615475.7142857
1649376000000,722882026.4285715
1649462400000,723147074.1428572
1649548800000,723409707.5714285
1649635200000,723669166.5714285
1649721600000,723927625.1428572
1649808000000,724186118.8571428
1649894400000,724445380.2857143
1649980800000,724705159.8571428
1650067200000,724964353.2857143
1650153600000,725221835.4285715
1650240000000,725478249.5714285
1650326400000,725733312.0
1650412800000,725984048.4285715
1650499200000,726234114.0
1650585600000,726485241.2857143
1650672000000,726738903.0
1650758400000,726993159.2857143
1650844800000,727249073.7142857
1650931200000,727506887.7142857
1651017600000,727769236.1428572
1651104000000,728031506.0
1651190400000,728293996.4285715
1651276800000,728555547.2857143
1651363200000,728821114.8571428
1651449600000,729090111.1428572
1651536000000,729360734.2857143
1651622400000,729630365.8571428
1651708800000,729900969.7142857
1651795200000,730163719.5714285
1651881600000,730432242.2857143
1651968000000,730700409.5714285
1652054400000,730964690.2857143
1652140800000,731228964.4285715
1652227200000,731494686.8571428
1652313600000,731760387.1428572
1652400000000,732030224.0
1652486400000,732294298.0
1652572800000,732556002.2857143
1652659200000,732825914.7142857
1652745600000,733096315.7142857
1652832000000,733365637.2857143
1652918400000,733634787.0
1653004800000,733904036.2857143
1653091200000,734171432.1428572
1653177600000,734438570.1428572
1653264000000,734696151.7142857
1653350400000,734949993.8571428
1653436800000,735202711.2857143
1653523200000,735449325.1428572
1653609600000,735699773.0
1653696000000,735950274.0
1653782400000,736201157.1428572
1653868800000,736452492.5714285
1653955200000,736703713.4285715
1654041600000,736955721.8571428
1654128000000,737213503.4285715
1654214400000,737468874.4285715
1654300800000,737724516.4285715
1654387200000,737980027.7142857
1654473600000,738234304.8571428
1654560000000,738487595.5714285
1654646400000,738740280.2857143
1654732800000,738991325.5714285
1654819200000,739241023.4285715
1654905600000,739490326.7142857
1654992000000,739738509.0
1655078400000,739988273.7142857
1655164800000,740240153.0
1655251200000,740492774.4285715
1655337600000,740747956.7142857
1655424000000,741007980.0
1655510400000,741266758.7142857
1655596800000,741523897.2857143
1655683200000,741783608.4285715
1655769600000,742041010.0
1655856000000,742293496.4285715
1655942400000,742541890.5714285
1656028800000,742784310.2857143
1656115200000,743027065.1428572
1656201600000,743270380.0
1656288000000,743509560.7142857
1656374400000,743749615.2857143
1656460800000,743992553.0
1656547200000,744235006.4285715
1656633600000,744478794.7142857
1656720000000,744724932.5714285
1656806400000,744973668.2857143
1656892800000,745224727.7142857
1656979200000,745475654.1428572
1657065600000,745724263.7142857
1657152000000,745972208.1428572
1657238400000,746220529.4285715
1657324800000,746470257.4285715
1657411200000,746719445.5714285
1657497600000,746966645.8571428
1657584000000,747212948.4285715
1657670400000,747457386.7142857
1657756800000,747706092.0
1657843200000,747948731.2857143
1657929600000,748191974.5714285
1658016000000,748435355.5714285
1658102400000,748679437.1428572
1658188800000,748923993.0
1658275200000,749171347.4285715
1658361600000,749419322.2857143
1658448000000,749672420.4285715
1658534400000,749923750.7142857
1658620800000,750174215.1428572
1658707200000,750424391.4285715
1658793600000,750674317.0
1658880000000,750925098.1428572
1658966400000,751173430.1428572
1659052800000,751421348.0
1659139200000,751671287.0
1659225600000,751923732.2857143
1659312000000,752177360.0
1659398400000,752432377.1428572
1659484800000,752686692.1428572
1659571200000,752941474.5714285
1659657600000,753199970.7142857
1659744000000,753457357.0
1659830400000,753713016.8571428
1659916800000,753969169.5714285
1660003200000,754223628.4285715
1660089600000,754478942.7142857
1660176000000,754732735.4285715
1660262400000,754984075.5714285
1660348800000,755236480.1428572
1660435200000,755489456.5714285
1660521600000,755742228.5714285
1660608000000,755995934.1428572
1660694400000,756247645.1428572
1660780800000,756502074.5714285
1660867200000,756755135.4285715
1660953600000,757008894.8571428
1661040000000,757263617.7142857
1661126400000,757516713.2857143
1661212800000,757769872.1428572
1661299200000,758024186.5714285
1661385600000,758276019.5714285
1661472000000,758528010.0
1661558400000,758775447.5714285
1661644800000,759020443.5714285
1661731200000,759265813.0
1661817600000,759510615.2857143
1661904000000,759755949.2857143
1661990400000,760002036.8571428
1662076800000,760248641.8571428
1662163200000,760496186.2857143
1662249600000,760744873.5714285
1662336000000,760996042.7142857
1662422400000,761247814.4285715
1662508800000,761499065.4285715
1662595200000,761751099.4285715
1662681600000,762003728.2857143
1662768000000,762255908.7142857
1662854400000,762511029.2857143
1662940800000,762765852.4285715
1663027200000,763022825.8571428
1663113600000,763282775.2857143
1663200000000,763541464.0
1663286400000,763800809.4285715
1663372800000,764062323.5714285
1663459200000,764319376.1428572
1663545600000,764577385.0
1663632000000,764834334.4285715
1663718400000,765088723.0
1663804800000,765344766.0
1663891200000,765599583.8571428
1663977600000,765849581.8571428
1664064000000,766102678.2857143
1664150400000,766353144.1428572
1664236800000,766603255.2857143
1664323200000,766854509.0
1664409600000,767105805.2857143
1664496000000,767357434.2857143
1664582400000,767612137.4285715
1664668800000,767867749.7142857
1664755200000,768125051.0
1664841600000,768382861.8571428
1664928000000,768642541.5714285
1665014400000,768903341.0
1665100800000,769164723.2857143
1665187200000,769427647.8571428
1665273600000,769687974.7142857
1665360000000,769947703.7142857
1665446400000,770206931.2857143
1665532800000,770463736.8571428
1665619200000,770718974.0
1665705600000,770973362.8571428
1665792000000,771228382.4285715
1665878400000,771485433.0
1665964800000,771743152.7142857
1666051200000,772001197.7142857
1666137600000,772259800.7142857
1666224000000,772516898.2857143
1666310400000,772774292.1428572
1666396800000,773029323.7142857
1666483200000,773282204.0
1666569600000,773534077.7142857
1666656000000,773786534.2857143
1666742400000,774039539.7142857
1666828800000,774291467.7142857
1666915200000,774549422.2857143
1667001600000,774807759.8571428
1667088000000,775067961.4285715
1667174400000,775330836.8571428
1667260800000,775594392.0
1667347200000,775860879.2857143
1667433600000,776130985.5714285
1667520000000,776394334.8571428
1667606400000,776661823.5714285
1667692800000,776929227.5714285
1667779200000,777197140.5714285
1667865600000,777465340.5714285
1667952000000,777730546.8571428
1668038400000,777998793.1428572
1668124800000,778271781.5714285
1668211200000,778544393.5714285
1668297600000,778817281.1428572
1668384000000,779087857.2857143
1668470400000,779358959.4285715
1668556800000,779626920.4285715
1668643200000,779893089.0
1668729600000,780155761.4285715
1668816000000,780411982.2857143
1668902400000,780667835.2857143
1668988800000,780926950.1428572
1669075200000,781186205.4285715
1669161600000,781449478.0
1669248000000,781708547.0
1669334400000,781968415.8571428
1669420800000,782229037.0
1669507200000,782486704.0
1669593600000,782739364.1428572
1669680000000,782991457.2857143
1669766400000,783242409.5714285
1669852800000,783495669.8571428
1669939200000,783748817.8571428
1670025600000,784006439.7142857
1670112000000,784265618.2857143
1670198400000,784528173.1428572
1670284800000,784789919.4285715
1670371200000,785053254.7142857
1670457600000,785315499.2857143
1670544000000,785577589.4285715
1670630400000,785836742.7142857
1670716800000,786095317.2857143
1670803200000,786352226.4285715
1670889600000,786609096.5714285
1670976000000,786864435.8571428
1671062400000,787123075.0
1671148800000,787382806.7142857
1671235200000,787643854.1428572
1671321600000,787903191.2857143
1671408000000,788165776.5714285
1671494400000,788427368.8571428
1671580800000,788688598.1428572
1671667200000,788947431.8571428
1671753600000,789205398.2857143
1671840000000,789463053.1428572
1671926400000,789723222.5714285
1672012800000,789976438.8571428
1672099200000,790228584.8571428
1672185600000,790475507.5714285
1672272000000,790718468.1428572
1672358400000,790961466.8571428
1672444800000,791203407.5714285
1672531200000,791447986.2857143
1672617600000,791696772.0
1672704000000,791943058.8571428
1672790400000,792190003.0
1672876800000,792441449.4285715
1672963200000,792693497.2857143
1673049600000,792947604.8571428
1673136000000,793199559.2857143
1673222400000,793452113.4285715
1673308800000,793710628.2857143
1673395200000,793977592.8571428
1673481600000,794248739.8571428
1673568000000,794521461.8571428
1673654400000,794799230.5714285
1673740800000,795082992.5714285
1673827200000,795375524.7142857
1673913600000,795671703.8571428
1674000000000,795969785.1428572
1674086400000,796268987.0
1674172800000,796569721.5714285
1674259200000,796868219.0
1674345600000,797163630.2857143
1674432000000,797456156.2857143
1674518400000,797748282.5714285
1674604800000,798039385.7142857
1674691200000,798327884.4285715
1674777600000,798617458.7142857
1674864000000,798906733.1428572
1674950400000,799197109.8571428
1675036800000,799484531.4285715
1675123200000,799772944.8571428
1675209600000,800063784.4285715
1675296000000,800357763.2857143
1675382400000,800657220.1428572
1675468800000,800962889.7142857
1675555200000,801270108.7142857
1675641600000,801582710.1428572
1675728000000,801894595.1428572
1675814400000,802205440.4285715
1675900800000,802514406.2857143
1675987200000,802819484.5714285
1676073600000,803128464.2857143
1676160000000,803435361.4285715
1676246400000,803738824.5714285
1676332800000,804043223.5714285
1676419200000,804346864.1428572
1676505600000,804650813.5714285
1676592000000,804955828.0
1676678400000,805257613.4285715
1676764800000,805562314.0
1676851200000,805866292.5714285
1676937600000,806167579.4285715
1677024000000,806464990.1428572
1677110400000,806760556.5714285
1677196800000,807050040.0
1677283200000,807331828.1428572
1677369600000,807609792.2857143
1677456000000,807885143.5714285
1677542400000,808165708.1428572
1677628800000,808449414.5714285
1677715200000,808739331.8571428
1677801600000,809043375.0
1677888000000,809352947.4285715
1677974400000,809671259.0
1678060800000,809996482.8571428
1678147200000,810323155.1428572
1678233600000,810653053.0
1678320000000,810986830.8571428
1678406400000,811308237.8571428
1678492800000,811630493.7142857
1678579200000,811948884.2857143
1678665600000,812269238.0
1678752000000,812586659.7142857
1678838400000,812906476.7142857
1678924800000,813221542.8571428
1679011200000,813543844.0
1679097600000,813860342.5714285
1679184000000,814178342.2857143
1679270400000,814493017.2857143
1679356800000,814808021.2857143
1679443200000,815124127.7142857
1679529600000,815440464.2857143
1679616000000,815749969.8571428
1679702400000,816059385.5714285
1679788800000,816362332.0
1679875200000,816664316.4285715
1679961600000,816965078.7142857
1680048000000,817259652.7142857
1680134400000,817552615.0
1680220800000,817850526.8571428
1680307200000,818153121.5714285
1680393600000,818457827.1428572
1680480000000,818766625.5714285
1680566400000,819087032.2857143
1680652800000,819412830.1428572
1680739200000,819753330.7142857
1680825600000,820095915.0
1680912000000,820442315.1428572
1680998400000,820795389.8571428
1681084800000,821148412.1428572
1681171200000,821492255.0
1681257600000,821829898.4285715
1681344000000,822162158.8571428
1681430400000,822493526.1428572
1681516800000,822821567.8571428
1681603200000,823144015.4285715
1681689600000,823460420.2857143
1681776000000,823770402.4285715
1681862400000,824084124.7142857
1681948800000,824387782.5714285
1682035200000,824685724.0
1682121600000,824978863.7142857
1682208000000,825277287.8571428
1682294400000,825586857.7142857
1682380800000,825924883.2857143
1682467200000,826269209.5714285
1682553600000,826621626.1428572
1682640000000,826993611.8571428
1682726400000,827383052.5714285
1682812800000,827791075.4285715
1682899200000,828217996.8571428
1682985600000,828664321.2857143
1683072000000,829156481.2857143
1683158400000,829661223.0
1683244800000,830173612.7142857
1683331200000,830696181.4285715
1683417600000,831208759.4285715
1683504000000,831737373.0
1683590400000,832272132.5714285
1683676800000,832791607.1428572
1683763200000,833331002.4285715
1683849600000,833896339.1428572
1683936000000,834469598.7142857
1684022400000,835056693.7142857
1684108800000,835640596.4285715
1684195200000,836227558.2857143
1684281600000,836807286.7142857
1684368000000,837382736.7142857
1684454400000,837945359.4285715
1684540800000,838498076.4285715
1684627200000,839051533.0
1684713600000,839583370.2857143
1684800000000,840094297.8571428
1684886400000,840601918.4285715
1684972800000,841102525.1428572
1685059200000,841577801.2857143
1685145600000,842050749.0
1685232000000,842526253.5714285
1685318400000,843008352.5714285
1685404800000,843491851.1428572
1685491200000,843982411.1428572
1685577600000,844472589.7142857
1685664000000,844965180.4285715
1685750400000,845442672.5714285
1685836800000,845912648.5714285
1685923200000,846369795.1428572
1686009600000,846808019.2857143
1686096000000,847218885.4285715
1686182400000,847622292.4285715
1686268800000,848027312.5714285
1686355200000,848439859.7142857
1686441600000,848839006.5714285
1686528000000,849235680.0
1686614400000,849637678.7142857
1686700800000,850041410.4285715
1686787200000,850437518.8571428
1686873600000,850818896.1428572
1686960000000,851202728.7142857
1687046400000,851604578.7142857
1687132800000,852022258.1428572
1687219200000,852445353.1428572
1687305600000,852874794.0
1687392000000,853309760.8571428
1687478400000,853749582.2857143
1687564800000,854184640.0
1687651200000,854599958.1428572
1687737600000,854998911.8571428
1687824000000,855390075.2857143
1687910400000,855779367.7142857
1687996800000,856166784.0
1688083200000,856549600.0
1688169600000,856939026.1428572
1688256000000,857338687.1428572
1688342400000,857733322.2857143
1688428800000,858117023.4285715
1688515200000,858490263.2857143
1688601600000,858855568.4285715
1688688000000,859243834.7142857
1688774400000,859625606.8571428
1688860800000,860023212.0
1688947200000,860456201.5714285
1689033600000,860930142.1428572
1689120000000,861429491.1428572
1689206400000,861936536.4285715
1689292800000,862441717.1428572
1689379200000,862944225.8571428
1689465600000,863427536.8571428
1689552000000,863898172.2857143
1689638400000,864368991.0
1689724800000,864828427.4285715
1689811200000,865309239.0
1689897600000,865790326.1428572
1689984000000,866275319.2857143
1690070400000,866746075.7142857
1690156800000,867188931.2857143
1690243200000,867626543.2857143
1690329600000,868079034.8571428
1690416000000,868514150.8571428
1690502400000,868945196.1428572
1690588800000,869377922.5714285
1690675200000,869828859.0
1690761600000,870298909.5714285
1690848000000,870781441.0
1690934400000,871251722.4285715
1691020800000,871714764.8571428
1691107200000,872169075.2857143
1691193600000,872632332.5714285
1691280000000,873076942.8571428
1691366400000,873532685.0
1691452800000,873982880.5714285
1691539200000,874430311.0
1691625600000,874866494.1428572
1691712000000,875319129.1428572
1691798400000,875754851.8571428
1691884800000,876217386.2857143
1691971200000,876680300.8571428
1692057600000,877127767.1428572
1692144000000,877595187.4285715
1692230400000,878098569.4285715
1692316800000,878610788.5714285
1692403200000,879143328.7142857
1692489600000,879663975.0
1692576000000,880186980.5714285
1692662400000,880726131.0
1692748800000,881262992.7142857
1692835200000,881776459.2857143
1692921600000,882268319.8571428
1693008000000,882746145.7142857
1693094400000,883224221.1428572
1693180800000,883699055.1428572
1693267200000,884145548.7142857
1693353600000,884560634.8571428
1693440000000,884987338.4285715
1693526400000,885412470.2857143
1693612800000,885842960.0
1693699200000,886272378.4285715
1693785600000,886707943.7142857
1693872000000,887173862.8571428
1693958400000,887674344.5714285
1694044800000,888169360.8571428
1694131200000,888675604.4285715
1694217600000,889196250.2857143
1694304000000,889716182.4285715
1694390400000,890244264.0
1694476800000,890762621.5714285
1694563200000,891264919.0
1694649600000,891767045.0
1694736000000,892272993.7142857
1694822400000,892784310.0
1694908800000,893337264.0
