time,output_volume
1600473600000,3116787.78504107
1600560000000,3154959.6624185056
1600646400000,3117805.302722073
1600732800000,3216902.314262334
1600819200000,3205754.1935788086
1600905600000,3148933.3861532146
1600992000000,2901174.800918401
1601078400000,2765620.757575136
1601164800000,2697733.5164165827
1601251200000,2656628.4818535238
1601337600000,2490577.5019390094
1601424000000,2462654.1979641877
1601510400000,2424848.401105605
1601596800000,2363199.8207260473
1601683200000,2344685.575789845
1601769600000,2314474.2272455804
1601856000000,2286524.266736275
1601942400000,2250575.450355914
1602028800000,2191966.9832407343
1602115200000,2152314.002171273
1602201600000,2158749.647054107
1602288000000,2165938.6652398147
1602374400000,2121883.261936431
1602460800000,2158614.0543994717
1602547200000,2177227.75307963
1602633600000,2192702.822645665
1602720000000,2233856.2099264762
1602806400000,2320706.237373078
1602892800000,2263568.0756780324
1602979200000,2343199.3593044057
1603065600000,2342297.812774867
1603152000000,2519338.1100809867
1603238400000,2792862.991267082
1603324800000,2994834.2222113335
1603411200000,3196043.7514162
1603497600000,3250654.8460105066
1603584000000,3170228.4506479315
1603670400000,3100439.834490388
1603756800000,3018040.73020285
1603843200000,2775809.9088533623
1603929600000,2611454.5056788814
1604016000000,2382611.964219241
1604102400000,2326821.108472899
1604188800000,2302841.3093964597
1604275200000,2373794.953815725
1604361600000,2335442.4704838996
1604448000000,2436371.25036899
1604534400000,2348133.4141936833
1604620800000,2446509.163248867
1604707200000,2552039.0761562265
1604793600000,2540615.5435740044
1604880000000,2449708.116394427
1604966400000,2389357.4813713357
1605052800000,2239368.561959098
1605139200000,2242103.439180971
1605225600000,2075735.450172467
1605312000000,1859917.109610531
1605398400000,1901366.5557068784
1605484800000,1915611.434567306
1605571200000,2126239.205171415
1605657600000,2250602.9076236985
1605744000000,2374404.8794397875
1605830400000,2434000.637019915
1605916800000,2559900.7000593096
1606003200000,2560549.494136214
1606089600000,2604743.333417294
1606176000000,2408792.5349385277
1606262400000,2311044.9333840082
1606348800000,2208568.544045999
1606435200000,2195107.4423329458
1606521600000,2109071.945652099
1606608000000,2022011.6739305325
1606694400000,1931682.3736665347
1606780800000,1932768.3301313673
1606867200000,1897516.3472968137
1606953600000,1820842.1417767785
1607040000000,1712042.396124966
1607126400000,1718727.409191554
1607212800000,1751211.9274973476
1607299200000,1759261.167408283
1607385600000,1659251.0504124593
1607472000000,1590566.2694246233
1607558400000,1632149.3626860739
1607644800000,1695477.0740219988
1607731200000,1626509.7154305521
1607817600000,1611485.4387550738
1607904000000,1658024.574344949
1607990400000,1732574.7995987344
1608076800000,1809902.5535638481
1608163200000,1915961.2162566984
1608249600000,1992701.7923250229
1608336000000,2137580.429083237
1608422400000,2172604.1089641773
1608508800000,2124736.085104155
1608595200000,2077242.839765321
1608681600000,2060168.5318254367
1608768000000,1959655.2257652662
1608854400000,1904233.8868438734
1608940800000,1848168.646135785
1609027200000,1897941.67795747
1609113600000,2068166.6462618406
1609200000000,2102062.966728068
1609286400000,2074227.5092728625
1609372800000,2036726.9935931663
1609459200000,2012480.50114183
1609545600000,1949612.1330616854
1609632000000,1971171.565007538
1609718400000,1927913.077111343
1609804800000,1919580.1504600556
1609891200000,1971575.4824892315
1609977600000,2026995.7528928353
1610064000000,2142099.350908276
1610150400000,2272886.362802383
1610236800000,2238554.257594112
1610323200000,2180090.8293087394
1610409600000,2253826.0315389098
1610496000000,2253942.468291345
1610582400000,2204003.297277017
1610668800000,2087403.0629116558
1610755200000,1975527.9442402243
1610841600000,1943371.9978219613
1610928000000,1889586.0234948501
1611014400000,1796762.6863394852
1611100800000,1782623.2677518837
1611187200000,1816814.6421429277
1611273600000,1856108.034145187
1611360000000,1909257.4299587137
1611446400000,1885049.2270471456
1611532800000,1897854.9251470014
1611619200000,1972804.6673950322
1611705600000,1914537.625702012
1611792000000,1910844.912006288
1611878400000,1906794.045876172
1611964800000,1961859.4549661775
1612051200000,2022947.0796397687
1612137600000,2090883.1117603031
1612224000000,2035570.2414138638
1612310400000,2067151.4634008312
1612396800000,2077120.9619731642
1612483200000,2077058.2630590796
1612569600000,2000856.9945105384
1612656000000,2029379.2931763823
1612742400000,2037540.1383872733
1612828800000,2085725.3105015256
1612915200000,2296512.1175504886
1613001600000,2310451.6163735515
1613088000000,2339094.9323695707
1613174400000,2365334.1595838866
1613260800000,2274998.078373728
1613347200000,2266653.504342158
1613433600000,2267707.6383882565
1613520000000,2141257.587596791
1613606400000,2129111.037185109
1613692800000,2103567.9644897054
1613779200000,2135345.677845464
1613865600000,2231197.622376488
1613952000000,2201855.726164905
1614038400000,2161884.809460266
1614124800000,2113054.1031382405
1614211200000,2119300.311198403
1614297600000,2135087.328826072
1614384000000,2092675.168540771
1614470400000,2018690.6705496237
1614556800000,2011255.848303567
1614643200000,1981689.224980424
1614729600000,1940989.7172494435
1614816000000,1905866.2676589296
1614902400000,1792323.1531083253
1614988800000,1750982.7358734438
1615075200000,1730319.7584188129
1615161600000,1787268.6869556925
1615248000000,1812395.7795072722
1615334400000,1821275.9732106405
1615420800000,1797228.5219415613
1615507200000,1821179.4011939724
1615593600000,1767503.6115230175
1615680000000,1719766.6020668256
1615766400000,1602557.1816627514
1615852800000,1508921.2206122116
1615939200000,1439142.8812701327
1616025600000,1403818.012456465
1616112000000,1349442.399843119
1616198400000,1324468.703531276
1616284800000,1316231.5028539526
1616371200000,1287740.6808250218
1616457600000,1287500.0281971868
1616544000000,1338603.7969824416
1616630400000,1364648.5247936074
1616716800000,1423082.536680713
1616803200000,1455477.452429464
1616889600000,1468784.317021355
1616976000000,1441727.4931942965
1617062400000,1485350.6133668784
1617148800000,1439401.562276805
1617235200000,1399626.4286064203
1617321600000,1349978.1489786895
1617408000000,1339868.4873648547
1617494400000,1355417.862439518
1617580800000,1389210.9040867393
1617667200000,1409771.868941979
1617753600000,1497563.555374169
1617840000000,1545799.3244298664
1617926400000,1565082.666774187
1618012800000,1595143.9726063327
1618099200000,1623408.8216323175
1618185600000,1653626.6875759582
1618272000000,1642907.8317858253
1618358400000,1614034.5601828513
1618444800000,1631747.0864887722
1618531200000,1681039.774716269
1618617600000,1715692.1030662174
1618704000000,1658659.5672018637
1618790400000,1699488.8415085168
1618876800000,1642702.896219454
1618963200000,1636795.8454620002
1619049600000,1651820.8165439542
1619136000000,1700725.1734970522
1619222400000,1750254.8297607352
1619308800000,1815913.7269670393
1619395200000,1813266.177506961
1619481600000,1938092.6595884885
1619568000000,1997977.9536770987
1619654400000,2008698.630092013
1619740800000,1997843.8667209318
1619827200000,2013017.026133618
1619913600000,2014123.3861834873
1620000000000,1993405.6440626814
1620086400000,1994400.5328425537
1620172800000,1993379.6966409658
1620259200000,1968204.1053614884
1620345600000,1924725.4581285038
1620432000000,1874656.4872853209
1620518400000,1841540.8203659465
1620604800000,1783658.1533153437
1620691200000,1677019.6158440677
1620777600000,1523276.1107768044
1620864000000,1484511.4341875822
1620950400000,1583559.6793490965
1621036800000,1633736.418791134
1621123200000,1711577.2650298676
1621209600000,1817424.824941974
1621296000000,1985066.2942905356
1621382400000,2079851.2680111006
1621468800000,2289895.5876764655
1621555200000,2339832.272341049
1621641600000,2326110.113763818
1621728000000,2389112.195647855
1621814400000,2446582.6295199133
1621900800000,2449850.531685471
1621987200000,2509997.5583370593
1622073600000,2394849.2522108853
1622160000000,2270647.84647874
1622246400000,2370828.253540089
1622332800000,2324535.3650217443
1622419200000,2160579.2653256333
1622505600000,1948599.3644529318
1622592000000,1834470.186167594
1622678400000,1681741.220937489
1622764800000,1573217.6867879373
1622851200000,1306335.5218921262
1622937600000,1124359.2453920357
1623024000000,1224439.034008628
1623110400000,1371694.6100292325
1623196800000,1519748.7661510482
1623283200000,1544361.5469990945
1623369600000,1571366.006552605
1623456000000,1633502.256202874
1623542400000,1668459.2752044597
1623628800000,1582775.3737791043
1623715200000,1487010.1932228128
1623801600000,1326506.8600079042
1623888000000,1366919.0940947868
1623974400000,1389293.764500504
1624060800000,1402478.4854014122
1624147200000,1412415.1118510321
1624233600000,1425905.5809129577
1624320000000,1463294.9838347354
1624406400000,1539455.0595370813
1624492800000,1570062.9699445772
1624579200000,1611373.3002891182
1624665600000,1728762.658764065
1624752000000,1828143.817151381
1624838400000,1841896.1259021198
1624924800000,1816213.279390289
1625011200000,1736169.3569845534
1625097600000,1652686.8272261324
1625184000000,1622204.2505330388
1625270400000,1530055.6704933436
1625356800000,1461651.9518061855
1625443200000,1492078.2018760464
1625529600000,1473765.7281812734
1625616000000,1467528.0751116741
1625702400000,1480006.9518676451
1625788800000,1709571.3079549037
1625875200000,1951398.8160478019
1625961600000,2031206.1629108232
1626048000000,2069997.5046504692
1626134400000,2103732.262610625
1626220800000,2129773.0784442453
1626307200000,2155285.378158493
1626393600000,1955011.2307283345
1626480000000,1726958.983290698
1626566400000,1727446.644659668
1626652800000,1629485.5473372296
1626739200000,1646919.9638236396
1626825600000,1690533.4893955465
1626912000000,1743572.22877598
1626998400000,1737692.1635719817
1627084800000,1726669.5005424067
1627171200000,1675789.2949357354
1627257600000,1717418.1158871453
1627344000000,1788815.0393781643
1627430400000,2585594.420069502
1627516800000,2899129.3330821157
1627603200000,3014006.732153438
1627689600000,3022425.3070649495
1627776000000,3099944.4587658434
1627862400000,3360569.0327896685
1627948800000,3418853.491322198
1628035200000,2717452.5553151923
1628121600000,2475014.4688871573
1628208000000,2364241.7473567678
1628294400000,2391844.524902601
1628380800000,2369456.73532622
1628467200000,2150594.272378988
1628553600000,2038271.9154208123
1628640000000,1945352.3475406426
1628726400000,1928674.029293347
1628812800000,1936546.1059668402
1628899200000,1887736.7076172496
1628985600000,1867570.2512194936
1629072000000,1870047.4058594152
1629158400000,1930348.5826359487
1629244800000,2012318.7142255253
1629331200000,2079998.1729880457
1629417600000,2178371.8090756717
1629504000000,2269548.8668639674
1629590400000,2366384.4009444667
1629676800000,2371407.6663643895
1629763200000,2489766.2885071198
1629849600000,3309834.8921420486
1629936000000,3522247.004127528
1630022400000,3825171.608277823
1630108800000,4056519.62282549
1630195200000,4209825.009782926
1630281600000,4472751.61937257
1630368000000,4593529.856347771
1630454400000,3980190.169777977
1630540800000,3967941.8684058557
1630627200000,3895413.6463141185
1630713600000,3766715.3050953397
1630800000000,3664774.6823886344
1630886400000,3453841.694489307
1630972800000,3388924.09009295
1631059200000,3383060.9068623087
1631145600000,3267135.2163245603
1631232000000,3217244.130649569
1631318400000,4213076.468389879
1631404800000,4612418.617581128
1631491200000,4942855.724458196
1631577600000,5868187.870062751
1631664000000,6930093.442894834
1631750400000,7023240.113428429
1631836800000,7094339.614963947
1631923200000,6165474.9682150725
1632009600000,5798734.396648216
1632096000000,5516363.304390711
1632182400000,4882217.708035366
1632268800000,4880757.837595748
1632355200000,5031705.051445211
1632441600000,5035238.009439582
1632528000000,5143334.051328084
1632614400000,5457464.515438393
1632700800000,5529997.7580408
1632787200000,5338672.245051545
1632873600000,4240112.564359742
1632960000000,4090792.6917677475
1633046400000,4093197.1061297995
1633132800000,4123400.1629779465
1633219200000,3837502.2675822964
1633305600000,3916970.5430119005
1633392000000,3839240.5774272173
1633478400000,4032101.9911821997
1633564800000,4167575.023498498
1633651200000,4185729.3263373026
1633737600000,4121159.1939901984
1633824000000,4119153.0827562558
1633910400000,4009560.1611805665
1633996800000,4102107.6506699063
1634083200000,3903666.0274084606
1634169600000,3664359.99046603
1634256000000,3411562.1775189745
1634342400000,3389414.8305184757
1634428800000,3352800.301783271
1634515200000,3414729.547944712
1634601600000,3366799.995859603
1634688000000,4454810.228105836
1634774400000,4690691.891080806
1634860800000,4922029.523993837
1634947200000,4875858.240521836
1635033600000,4839652.388797241
1635120000000,4773278.338359977
1635206400000,4661881.073014415
1635292800000,3574146.8297342737
1635379200000,3290258.5711595407
1635465600000,3089963.2584908544
1635552000000,3029307.0797680975
1635638400000,3100744.4364230535
1635724800000,3083699.3691516267
1635811200000,3083177.649238982
1635897600000,3085027.7248050147
1635984000000,3153938.326517567
1636070400000,3333055.2006631824
1636156800000,3509039.0451148995
1636243200000,3674913.8146420154
1636329600000,3789449.371231504
1636416000000,4162212.729835659
1636502400000,4363991.783140811
1636588800000,4536718.996004074
1636675200000,4488080.310312231
1636761600000,4445246.520513901
1636848000000,4298028.938862705
1636934400000,4237259.8174240235
1637020800000,4024168.35005008
1637107200000,5048826.940766731
1637193600000,5272911.128035969
1637280000000,5505841.418721391
1637366400000,5587485.014875899
1637452800000,5614538.933512439
1637539200000,5693572.7573511
1637625600000,5689403.656071665
1637712000000,4585142.026478642
1637798400000,4401439.837405595
1637884800000,4367471.632510525
1637971200000,4427248.013704242
1638057600000,4340847.913010051
1638144000000,4287970.565309714
1638230400000,4262245.005442419
1638316800000,4245122.7450460885
1638403200000,4084674.731142352
1638489600000,3878238.7631642073
1638576000000,3660962.905351694
1638662400000,3871078.9450595686
1638748800000,3828227.5693440395
1638835200000,4013143.560906048
1638921600000,4151094.296711638
1639008000000,4230921.344830089
1639094400000,4132327.6198810465
1639180800000,4062019.318605166
1639267200000,3804565.0380460867
1639353600000,3710239.0507508
1639440000000,3366824.212681122
1639526400000,3886127.910032395
1639612800000,3830777.942249179
1639699200000,3877808.4154606774
1639785600000,3881851.3717326433
1639872000000,3914487.6095789364
1639958400000,3932292.0798291634
1640044800000,3920891.0883439775
1640131200000,3041891.9261858505
1640217600000,2933834.738705697
1640304000000,2899000.0872378186
1640390400000,2873407.843678926
1640476800000,2818005.6102747507
1640563200000,2829906.7473553014
1640649600000,2853769.7155960943
1640736000000,2934614.7447087355
1640822400000,2978903.0302401995
1640908800000,2970173.854217891
1640995200000,3016938.936655462
1641081600000,3003348.891842457
1641168000000,2972189.681493179
1641254400000,3010151.88797818
1641340800000,2998143.9292858136
1641427200000,3081568.2615930224
1641513600000,3174001.557832081
1641600000000,3235626.375693978
1641686400000,3307561.8043857687
1641772800000,3365706.740195845
1641859200000,3369668.0869026184
1641945600000,3966013.005903878
1642032000000,4047248.711195227
1642118400000,4115231.843150725
1642204800000,4151303.178333997
1642291200000,4312455.757845466
1642377600000,4473365.2561389515
1642464000000,4515239.120490308
1642550400000,4084815.0518376646
1642636800000,3958760.604740267
1642723200000,3852250.30899246
1642809600000,4037897.731415955
1642896000000,4385691.212439275
1642982400000,4662011.767943894
1643068800000,5094497.841103275
1643155200000,5283137.164360913
1643241600000,5337752.001476918
1643328000000,5403392.522572495
1643414400000,5271382.975494506
1643500800000,4918159.380453148
1643587200000,4640857.392813263
1643673600000,4238757.481629833
1643760000000,3984849.130291141
1643846400000,3868583.2658853433
1643932800000,3814021.637565249
1644019200000,3847383.4604756325
1644105600000,3793237.678975277
1644192000000,3689644.045675686
1644278400000,3802212.1498525823
1644364800000,4953775.164174576
1644451200000,5247117.252700649
1644537600000,5497083.396476438
1644624000000,5417013.878953315
1644710400000,5367881.3617906915
1644796800000,5402485.357911735
1644883200000,5293705.6011059685
1644969600000,4074910.8439576854
1645056000000,3864144.4112466834
1645142400000,3622165.001064129
1645228800000,3622568.857053979
1645315200000,3627803.795157916
1645401600000,3645383.4391878024
1645488000000,3792457.181682629
1645574400000,3982637.80757837
1645660800000,3937483.965310376
1645747200000,4025900.833990781
1645833600000,4083233.0753871393
1645920000000,4069532.547428724
1646006400000,4002768.5308177196
1646092800000,3907712.5280639115
1646179200000,3940676.450729619
1646265600000,3945320.3040876365
1646352000000,3897040.6436887505
1646438400000,3787312.322649735
1646524800000,3714368.5072684987
1646611200000,3688681.131700338
1646697600000,3583991.6937697036
1646784000000,4139030.760825448
1646870400000,4696791.708663301
1646956800000,4832111.348776498
1647043200000,4913875.236131744
1647129600000,5027104.768510352
1647216000000,5128123.402879206
1647302400000,5238814.682615205
1647388800000,4495070.080184132
1647475200000,4015169.8350889073
1647561600000,3902974.8352676975
1647648000000,3795666.9195116227
1647734400000,3827363.4739575456
1647820800000,3688202.749933929
1647907200000,3707829.2143043033
1647993600000,3700482.068160001
1648080000000,3580323.983233358
1648166400000,3499360.1224919846
1648252800000,3620349.8576048193
1648339200000,3575444.63665641
1648425600000,3689165.5625585667
1648512000000,3723107.5379067953
1648598400000,3842348.23370001
1648684800000,3891865.381840727
1648771200000,3945943.1135860505
1648857600000,3833214.436454357
1648944000000,3933531.044228405
1649030400000,3883981.98498248
1649116800000,3712914.166293732
1649203200000,4173121.0502541843
1649289600000,4548044.481042041
1649376000000,4779057.489999379
1649462400000,4995098.110221395
1649548800000,4897718.778620367
1649635200000,4961923.919648872
1649721600000,5274730.492370506
1649808000000,4896543.377099039
1649894400000,4731630.55792465
1649980800000,4725644.857209635
1650067200000,4609213.010938953
1650153600000,4588077.894935687
1650240000000,4580130.577636101
1650326400000,4534232.117829545
1650412800000,4526869.737191798
1650499200000,4398161.679298709
1650585600000,4394801.150206324
1650672000000,4589632.990714265
1650758400000,4805614.755352737
1650844800000,5083062.653529547
1650931200000,5465287.304957484
1651017600000,5834298.695954976
1651104000000,6198432.858918508
1651190400000,6406928.646380344
1651276800000,6389004.414711586
1651363200000,6255237.857165156
1651449600000,6074402.956893699
1651536000000,5829589.852085077
1651622400000,6008951.043325765
1651708800000,5933542.047218378
1651795200000,6367878.670078719
1651881600000,6806009.1817214135
1651968000000,6881983.510466738
1652054400000,7031320.185441112
1652140800000,7250581.18042253
1652227200000,7205261.350016317
1652313600000,7355809.768156913
1652400000000,7362871.080976175
1652486400000,7123596.419913722
1652572800000,7167100.247499218
1652659200000,6843935.318043843
1652745600000,6363313.059590092
1652832000000,5724727.666243359
1652918400000,5098984.2182077905
1653004800000,4060902.391824371
1653091200000,3442598.793005178
1653177600000,3003304.759584564
1653264000000,2773234.4194806376
1653350400000,2426111.9012530716
1653436800000,2217654.857234723
1653523200000,2073123.6581574145
1653609600000,2011392.585486907
1653696000000,2065129.0650517137
1653782400000,2072068.950743941
1653868800000,2117632.190719265
1653955200000,2138057.767869222
1654041600000,2415021.691203455
1654128000000,2642452.470678139
1654214400000,2632833.367308866
1654300800000,2519766.698970026
1654387200000,2483477.211210129
1654473600000,2484348.955418929
1654560000000,2480133.732525095
1654646400000,2192596.6368206255
1654732800000,1958707.5340042028
1654819200000,1870736.977988049
1654905600000,1927412.276087645
1654992000000,2055199.6961040578
1655078400000,2176711.0688863304
1655164800000,2994558.1658866266
1655251200000,4595791.888639627
1655337600000,6852775.027096099
1655424000000,8538638.195274532
1655510400000,9866597.308084577
1655596800000,11058800.621858237
1655683200000,11441364.090069387
1655769600000,10937564.129685385
1655856000000,9577151.358106455
1655942400000,7514320.801038934
1656028800000,6013609.740602858
1656115200000,4862798.771141826
1656201600000,3606876.188904717
1656288000000,3082519.2455618596
1656374400000,2876278.05141372
1656460800000,2848942.670133022
1656547200000,3046175.393029042
1656633600000,3301806.532113276
1656720000000,3492744.2620080444
1656806400000,3714315.607307413
1656892800000,3995057.649665891
1656979200000,4091020.476145574
1657065600000,4043989.157797017
1657152000000,3863848.1912090466
1657238400000,3566363.9589617294
1657324800000,3388014.207491214
1657411200000,3257030.9666032926
1657497600000,3037633.8944813013
1657584000000,3177420.586589591
1657670400000,3313229.9664563867
1657756800000,3593203.974702176
1657843200000,3669989.3799100993
1657929600000,3651031.7135694437
1658016000000,3697561.0228657275
1658102400000,3684343.6057565236
1658188800000,3495543.1044839923
1658275200000,3312705.908020552
1658361600000,2919632.455165828
1658448000000,3002673.0699174847
1658534400000,2949383.3613388394
1658620800000,2938698.8135599056
1658707200000,2937332.987687929
1658793600000,3000781.799369145
1658880000000,3269874.6938511846
1658966400000,3437838.4952681437
1659052800000,3354713.5110863373
1659139200000,3381538.327094231
1659225600000,3260264.0624600323
1659312000000,3241265.251135251
1659398400000,3198194.365718891
1659484800000,3003644.2997852457
1659571200000,3088869.244144549
1659657600000,3164235.9194894764
1659744000000,3307630.7976104678
1659830400000,3389285.7652778565
1659916800000,3343392.500060075
1660003200000,3641085.492837545
1660089600000,3660255.7985194963
1660176000000,3711874.8263602713
1660262400000,3728546.755699671
1660348800000,3460958.0281056575
1660435200000,3373690.075545897
1660521600000,3371774.199317426
1660608000000,3073481.4099932285
1660694400000,2974549.5763078793
1660780800000,2800066.010285678
1660867200000,2607208.7619707054
1660953600000,2890695.7693976318
1661040000000,3245767.329439119
1661126400000,3389162.7234139335
1661212800000,3630986.5122560635
1661299200000,3900722.9559094547
1661385600000,3917382.9523749202
1661472000000,4028831.825603293
1661558400000,3795320.6041158247
1661644800000,3616214.946982227
1661731200000,3554210.5533618317
1661817600000,3348881.253874296
1661904000000,3101876.450249887
1661990400000,3193195.840652828
1662076800000,3328177.4981180527
1662163200000,3471934.0445915046
1662249600000,3325372.590046924
1662336000000,3428003.6985792997
1662422400000,3521846.386297283
1662508800000,3948177.2289126567
1662595200000,4169705.3288299604
1662681600000,4275150.767916114
1662768000000,4306527.063362282
1662854400000,4358053.837247215
1662940800000,4185027.6410934855
1663027200000,3908530.3890224174
1663113600000,3397213.7471996807
1663200000000,3223258.4521697345
1663286400000,3099644.564664397
1663372800000,2954937.1053057653
1663459200000,2887741.00035503
1663545600000,2980653.486675398
1663632000000,3326877.4834680036
1663718400000,3562166.124891725
1663804800000,3573297.100791396
1663891200000,3487345.879231925
1663977600000,3452094.6851897053
1664064000000,3410862.961536151
1664150400000,3388927.4090680694
1664236800000,3130910.278800823
1664323200000,2888176.644322198
1664409600000,2687104.7473426587
1664496000000,2588136.9466295885
1664582400000,2547461.6034228997
1664668800000,2529820.326461639
1664755200000,2442913.118651281
1664841600000,2354343.897741884
1664928000000,2306916.9153240114
1665014400000,2149678.3399629104
1665100800000,1998682.9595730542
1665187200000,1883290.6738362794
1665273600000,1883652.1806344038
1665360000000,1928685.9380704574
1665446400000,1913613.2088095935
1665532800000,1940086.8855042006
1665619200000,1973583.723131158
1665705600000,2119317.7058700332
1665792000000,2147862.396904947
1665878400000,2068561.7395359557
1665964800000,1971953.9705196947
1666051200000,1859279.0334300178
1666137600000,1801205.325764993
1666224000000,1796293.7162706614
1666310400000,1659014.4336271978
1666396800000,1642345.3860254982
1666483200000,1694282.5555626266
1666569600000,1760169.0452581358
1666656000000,1805468.2170197985
1666742400000,1754395.234786067
1666828800000,1786598.5157563582
1666915200000,1911615.8981763837
1667001600000,1905512.3204375857
1667088000000,1989152.525932807
1667174400000,1992750.744542914
1667260800000,2029431.2927524112
1667347200000,2061052.75006258
1667433600000,2045454.3983137186
1667520000000,2156075.8685740004
1667606400000,2421433.0915994304
1667692800000,2430869.8240102613
1667779200000,2799606.717566755
1667865600000,3060073.130167841
1667952000000,3062183.8368207617
1668038400000,3240628.7409335575
1668124800000,3310808.145321157
1668211200000,3368845.4413380953
1668297600000,3454348.635696271
1668384000000,3378262.08007973
1668470400000,3272119.8914192514
1668556800000,3354551.9572420525
1668643200000,3138492.9476748235
1668729600000,2808441.266239187
1668816000000,2481864.0359789585
1668902400000,2292944.4346732246
1668988800000,2044667.7308759715
1669075200000,1839387.7432481628
1669161600000,1671365.0375679687
1669248000000,1538985.8573069002
1669334400000,1441988.3432732222
1669420800000,1401996.7622390639
1669507200000,1345739.2369852257
1669593600000,1211410.9861996078
1669680000000,1103306.1640654004
1669766400000,1019747.5437552278
1669852800000,962080.2280066551
1669939200000,956681.3666625032
1670025600000,856268.3705396334
1670112000000,840843.7702756284
1670198400000,822079.4852040699
1670284800000,812732.5355049911
1670371200000,793132.3789802872
1670457600000,796993.8287224685
1670544000000,804216.895200391
1670630400000,813722.7889529775
1670716800000,812069.4660036793
1670803200000,821724.1279293483
1670889600000,814115.979911428
1670976000000,879348.0758922646
1671062400000,947589.3245224215
1671148800000,960910.8100606877
1671235200000,995397.6592189558
1671321600000,1011524.2107336199
1671408000000,1022613.7936332675
1671494400000,1048246.1416686707
1671580800000,1009613.8527098636
1671667200000,937113.4104396871
1671753600000,906579.2720785651
1671840000000,872537.9111150204
1671926400000,846450.2549988063
1672012800000,827611.6051898572
1672099200000,772040.697432468
1672185600000,736112.637964732
1672272000000,737287.4602421662
1672358400000,744080.4620503861
1672444800000,744409.5905909743
1672531200000,747366.3307282708
1672617600000,744757.2111672227
1672704000000,748648.2392198062
1672790400000,760891.7827528099
1672876800000,760941.1755737193
1672963200000,762552.7067719932
1673049600000,778250.472697934
1673136000000,795398.8478004065
1673222400000,817748.7327555881
1673308800000,870066.3492464594
1673395200000,891441.4907684168
1673481600000,889736.2006372848
1673568000000,918952.6186875637
1673654400000,931708.9826301736
1673740800000,957051.5931198418
1673827200000,962614.3088548823
1673913600000,930542.316694325
1674000000000,934803.5501023019
1674086400000,940317.7927396
1674172800000,901729.4153298446
1674259200000,864731.2671288566
1674345600000,852609.5933443579
1674432000000,837986.9614916975
1674518400000,840834.2121949563
1674604800000,805554.7682724198
1674691200000,798051.8610444845
1674777600000,793659.0999412488
1674864000000,788238.4731714203
1674950400000,742310.6937493224
1675036800000,731316.1666169146
1675123200000,742116.4124094514
1675209600000,763418.2923312115
1675296000000,772617.3545967329
1675382400000,771529.4826430172
1675468800000,774491.8522602365
1675555200000,773058.7211317573
1675641600000,768408.5984182514
1675728000000,732318.0360219673
1675814400000,692688.3780853251
1675900800000,656649.2886844078
1675987200000,664039.1366651234
1676073600000,745779.4572270813
1676160000000,792525.537198501
1676246400000,815292.2642352608
1676332800000,844035.3363445222
1676419200000,863118.6590822128
1676505600000,885243.3914656547
1676592000000,911208.8998210498
1676678400000,846694.2360273821
1676764800000,814066.4604425095
1676851200000,785288.6919849645
1676937600000,760337.4433840743
1677024000000,770497.2682561399
1677110400000,770322.6733058799
1677196800000,746053.8705041076
1677283200000,734623.8337003735
1677369600000,729444.5911915273
1677456000000,736898.9529336302
1677542400000,746058.4922638288
1677628800000,746688.4456893512
1677715200000,751003.6374480875
1677801600000,747980.7991281571
1677888000000,762442.8039675887
1677974400000,763020.8614107136
1678060800000,767720.5127784752
1678147200000,768778.6974174563
1678233600000,782186.501217397
1678320000000,785694.4220320239
1678406400000,789307.1507147879
1678492800000,795709.2135775861
1678579200000,847932.2655957853
1678665600000,860175.2333092571
1678752000000,915973.495870517
1678838400000,949537.0178167975
1678924800000,966009.8640916374
1679011200000,968805.920605356
1679097600000,990640.066770874
1679184000000,968618.0774603344
1679270400000,999528.5991371594
1679356800000,1021490.6455532806
1679443200000,1020076.7756888036
1679529600000,1029679.5088787073
1679616000000,1055516.9108129044
1679702400000,1047504.4947713038
1679788800000,1041244.1887502236
1679875200000,1019919.5211180059
1679961600000,992029.3774633391
1680048000000,990071.0579192614
1680134400000,1000016.5119943962
1680220800000,1067094.1204271277
1680307200000,1064833.0537810666
1680393600000,1071407.6269054732
1680480000000,1073877.0125991774
1680566400000,1066158.6135697837
1680652800000,1059487.001424325
1680739200000,1059091.502348853
1680825600000,990125.69642493
1680912000000,946600.7583423263
1680998400000,917399.7823326859
1681084800000,894168.2211354708
1681171200000,877453.5489507307
1681257600000,858130.8080928747
1681344000000,867425.3940524368
1681430400000,831348.9110331703
1681516800000,868008.2838952829
1681603200000,894421.9067792145
1681689600000,900650.4823674854
1681776000000,922413.7237025278
1681862400000,899009.9634580674
1681948800000,842389.2076933447
1682035200000,843830.9645445822
1682121600000,816539.4724252631
1682208000000,785889.8974782816
1682294400000,764885.8025409271
1682380800000,724189.300712621
1682467200000,723937.5895118705
1682553600000,739808.9347638823
1682640000000,751250.6930858486
1682726400000,754857.9812365157
1682812800000,759996.217995582
1682899200000,787041.2320715579
1682985600000,787260.838651658
1683072000000,769474.1148268927
1683158400000,777206.9762149862
1683244800000,772909.3632748786
1683331200000,766943.4273237981
1683417600000,807407.5264058464
1683504000000,856431.9486884597
1683590400000,854099.5052662411
1683676800000,864500.2916127553
1683763200000,849666.8265652031
1683849600000,851911.6640108891
1683936000000,871884.809260084
1684022400000,822595.1115031696
1684108800000,751408.5058775285
1684195200000,739698.9903106943
1684281600000,759430.3977167467
1684368000000,757899.1924481165
1684454400000,755077.5605502577
1684540800000,722225.9253815709
1684627200000,716629.55480746
1684713600000,718132.6742126463
1684800000000,735084.6271830484
1684886400000,744241.6669274251
1684972800000,766371.9860204766
1685059200000,768401.5566443125
1685145600000,766874.8023579567
1685232000000,774495.6949046368
1685318400000,788538.8788140478
1685404800000,794730.8084601329
1685491200000,803918.2551393163
1685577600000,860937.8742636192
1685664000000,896811.4372464038
1685750400000,973261.8056469547
1685836800000,1012967.9969552088
1685923200000,1060387.5968276674
1686009600000,1154073.6553330452
1686096000000,1202806.8622679834
1686182400000,1149932.0236108103
1686268800000,1144093.2352888798
1686355200000,1124509.5177683295
1686441600000,1154760.7235889472
1686528000000,1163750.19600677
1686614400000,1111081.3313067628
1686700800000,1060837.2233552004
1686787200000,1052169.4083445952
1686873600000,1033920.4866582594
1686960000000,1015889.1939200863
1687046400000,965252.0000550546
1687132800000,926676.8571158199
1687219200000,896698.469985708
1687305600000,905133.2147609267
1687392000000,942132.2993158216
1687478400000,976952.5662984507
1687564800000,986465.4397384701
1687651200000,993945.2158508562
1687737600000,996902.5715023115
1687824000000,1008947.8262734546
1687910400000,998808.4525665349
1687996800000,957778.0883213596
1688083200000,952913.7365213579
1688169600000,965534.3656201626
1688256000000,969976.5079148599
1688342400000,943374.3978778466
1688428800000,927213.7568254893
1688515200000,911101.4646576858
1688601600000,898513.5039990544
1688688000000,868166.8356009108
1688774400000,836280.653780781
1688860800000,828778.3380282853
1688947200000,847606.097994123
1689033600000,845424.5878406834
1689120000000,836676.3988514325
1689206400000,845358.0416926314
1689292800000,845559.8019543679
1689379200000,848682.489500358
1689465600000,844779.3010326046
1689552000000,839772.2909636906
1689638400000,832881.1839831937
1689724800000,874840.4521467127
1689811200000,873447.3518182448
1689897600000,863988.0519519121
1689984000000,835124.4853315485
1690070400000,813115.2109813975
1690156800000,791517.309453015
1690243200000,775418.3191348951
1690329600000,715735.4581960813
1690416000000,688058.0939290803
1690502400000,670274.8705528261
1690588800000,676318.9756462908
1690675200000,677738.9545251582
1690761600000,690641.0578401731
1690848000000,697090.2305225267
1690934400000,706473.8235955128
1691020800000,704782.7495335684
1691107200000,697784.4634230668
1691193600000,679763.5202099617
1691280000000,686141.056646074
1691366400000,668986.1354047285
1691452800000,682762.6787898157
1691539200000,702939.6139373633
1691625600000,729222.8439988449
1691712000000,764999.5462817245
1691798400000,787592.671540804
1691884800000,809646.7299495736
1691971200000,826499.5684850223
1692057600000,821357.854023949
1692144000000,807621.0237526227
1692230400000,813133.0666604515
1692316800000,852834.0450774767
1692403200000,879807.3702861036
1692489600000,869561.7224725544
1692576000000,866718.1383410625
1692662400000,889522.987273225
1692748800000,925216.326324189
1692835200000,946987.2081160694
1692921600000,895735.5046708627
1693008000000,863551.7933474354
1693094400000,851354.3359905628
1693180800000,877578.0507409783
1693267200000,861657.9439312665
1693353600000,853632.5458513448
1693440000000,844003.0140636861
1693526400000,838222.9947723746
1693612800000,859082.5151674543
1693699200000,863130.9380122684
1693785600000,820005.7560980021
1693872000000,782943.4284033187
1693958400000,742140.0608238783
1694044800000,699351.0761808219
1694131200000,681736.9943212674
1694217600000,641212.8562709825
1694304000000,633352.6261239724
1694390400000,655081.8731854623
1694476800000,667734.7372678068
1694563200000,683228.0461584242
1694649600000,680001.2110142937
1694736000000,689992.1467834839
1694822400000,721149.5258490077
1694908800000,734657.1654605808
